Workbook

Sheet Leeme
A1: Panel país-año Latinobarómetro para regresión (MCO)
A3: Fuente: exportaciones de la herramienta de análisis online de Latinobarómetro (porcentajes ya ponderados). Archivos: data/online/apoyo_democracia.xlsx y data/online/grupos_poderosos.xlsx.
A5: HOJAS
A6: Datos: todas las tablas exportadas en formato largo (una fila por variable, país, año y categoría). Valores copiados de la herramienta online (texto azul).
A7: Categorias: % de cada categoría por país-año, calculado con SUMIFS sobre Datos.
A8: Gini: COMPLETAR las celdas amarillas (Gini 0-100 y fuente, p. ej. Banco Mundial / SEDLAC).
A9: Corrupcion: Índice de Percepción de la Corrupción (Transparency International). Dos versiones: 'CPI escala 0-10 (empalmado)' = datahub.io hasta 2011 + global HDX / 10 desde 2012; 'CPI 0-100 (desde 2012)' = global HDX sin transformar; 'CPI 0-100 empalmado por regresión' = hasta 2011 a + b x datahub, con a y b estimados en la hoja Puente_CPI (176 países, CPI 2012 sobre CPI 2011), y desde 2012 global HDX.
A10: Puente_CPI: datos de los 176 países con CPI 2011 (método antiguo) y 2012 (método nuevo) y los coeficientes del empalme (INTERSECCION.EJE, PENDIENTE, R2).
A11: Panel_A: variables con el criterio A = % de la categoría sobre el total (incluye NS/NR). Robustez.
A12: Panel_B: variables con el criterio B = % sobre respuestas válidas (excluye NS/NR). Modelo principal.
A14: DEFINICIONES
A15: Y = % 'La democracia es preferible a cualquier otra forma de gobierno'. B: Democracia / (Democracia + Gobierno autoritario + Da lo mismo).
... A31: Colores: azul = dato de origen; verde = vínculo a otra hoja; negro = cálculo; amarillo = completar.

Sheet Datos
A1: Variable | B1: País | C1: Año | D1: Categoría | E1: Porcentaje | F1: N (casos)
A2: Apoyo democracia | B2: Argentina | C2: 1995 | D2: Democracia | E2: 0.755 | F2: 1200
A3: Apoyo democracia | B3: Argentina | C3: 1995 | D3: Gobierno Autoritario | E3: 0.108 | F3: 1200
A4: Apoyo democracia | B4: Argentina | C4: 1995 | D4: Da lo mismo | E4: 0.06 | F4: 1200
A5: Apoyo democracia | B5: Argentina | C5: 1995 | D5: No sabe | E5: 0.063 | F5: 1200
A6: Apoyo democracia | B6: Argentina | C6: 1995 | D6: No contesta | E6: 0.014 | F6: 1200
A7: Apoyo democracia | B7: Argentina | C7: 1996 | D7: Democracia | E7: 0.712 | F7: 1199
A8: Apoyo democracia | B8: Argentina | C8: 1996 | D8: Gobierno Autoritario | E8: 0.147 | F8: 1199
A9: Apoyo democracia | B9: Argentina | C9: 1996 | D9: Da lo mismo | E9: 0.112 | F9: 1199
A10: Apoyo democracia | B10: Argentina | C10: 1996 | D10: No sabe | E10: 0.023 | F10: 1199
A11: Apoyo democracia | B11: Argentina | C11: 1996 | D11: No contesta | E11: 0.007 | F11: 1199
A12: Apoyo democracia | B12: Argentina | C12: 1997 | D12: Democracia | E12: 0.747 | F12: 1196
A13: Apoyo democracia | B13: Argentina | C13: 1997 | D13: Gobierno Autoritario | E13: 0.148 | F13: 1196
... A2587: Grupos poderosos | B2587: Venezuela | C2587: 2024 | D2587: No sabe; no responde | E2587: 0.033 | F2587: 1200

Sheet Categorias
A1: Variable → | C1: Apoyo democracia | D1: Apoyo democracia | E1: Apoyo democracia | F1: Apoyo democracia | G1: Apoyo democracia | H1: Grupos poderosos | I1: Grupos poderosos | J1: Grupos poderosos
A2: País | B2: Año | C2: Democracia | D2: Gobierno Autoritario | E2: Da lo mismo | F2: No sabe | G2: No contesta | H2: Grupos poderosos en su propio beneficio | I2: Para el bien de todo el pueblo | J2: No sabe; no responde
A3: Argentina | B3: 1995 | C3: =IF(COUNTIFS(Datos!$A$2:$A$5000,C$1,Datos!$B$2:$B$5000,$A3,Datos!$C$2:$C$5000,$B3,Datos!$D$2:$D$5000,C$2)=0,"",SUMIFS(Datos!$E$2:$E$5000,Datos!$A$2:$A$5000,C$1,Datos!$B$2:$B$5000,$A3,Datos!$C$2:$C$5000,$B3,Datos!$D$2:$D$5000,C$2)) | D3: =IF(COUNTIFS(Datos!$A$2:$A$5000,D$1,Datos!$B$2:$B$5000,$A3,Datos!$C$2:$C$5000,$B3,Datos!$D$2:$D$5000,D$2)=0,"",SUMIFS(Datos!$E$2:$E$5000,Datos!$A$2:$A$5000,D$1,Datos!$B$2:$B$5000,$A3,Datos!$C$2:$C$5000,$B3,Datos!$D$2:$D$5000,D$2)) | E3: =IF(COUNTIFS(Datos!$A$2:$A$5000,E$1,Datos!$B$2:$B$5000,$A3,Datos!$C$2:$C$5000,$B3,Datos!$D$2:$D$5000,E$2)=0,"",SUMIFS(Datos!$E$2:$E$5000,Datos!$A$2:$A$5000,E$1,Datos!$B$2:$B$5000,$A3,Datos!$C$2:$C$5000,$B3,Datos!$D$2:$D$5000,E$2)) | F3: =IF(COUNTIFS(Datos!$A$2:$A$5000,F$1,Datos!$B$2:$B$5000,$A3,Datos!$C$2:$C$5000,$B3,Datos!$D$2:$D$5000,F$2)=0,"",SUMIFS(Datos!$E$2:$E$5000,Datos!$A$2:$A$5000,F$1,Datos!$B$2:$B$5000,$A3,Datos!$C$2:$C$5000,$B3,Datos!$D$2:$D$5000,F$2)) | G3: =IF(COUNTIFS(Datos!$A$2:$A$5000,G$1,Datos!$B$2:$B$5000,$A3,Datos!$C$2:$C$5000,$B3,Datos!$D$2:$D$5000,G$2)=0,"",SUMIFS(Datos!$E$2:$E$5000,Datos!$A$2:$A$5000,G$1,Datos!$B$2:$B$5000,$A3,Datos!$C$2:$C$5000,$B3,Datos!$D$2:$D$5000,G$2)) | H3: =IF(COUNTIFS(Datos!$A$2:$A$5000,H$1,Datos!$B$2:$B$5000,$A3,Datos!$C$2:$C$5000,$B3,Datos!$D$2:$D$5000,H$2)=0,"",SUMIFS(Datos!$E$2:$E$5000,Datos!$A$2:$A$5000,H$1,Datos!$B$2:$B$5000,$A3,Datos!$C$2:$C$5000,$B3,Datos!$D$2:$D$5000,H$2)) | I3: =IF(COUNTIFS(Datos!$A$2:$A$5000,I$1,Datos!$B$2:$B$5000,$A3,Datos!$C$2:$C$5000,$B3,Datos!$D$2:$D$5000,I$2)=0,"",SUMIFS(Datos!$E$2:$E$5000,Datos!$A$2:$A$5000,I$1,Datos!$B$2:$B$5000,$A3,Datos!$C$2:$C$5000,$B3,Datos!$D$2:$D$5000,I$2)) | J3: =IF(COUNTIFS(Datos!$A$2:$A$5000,J$1,Datos!$B$2:$B$5000,$A3,Datos!$C$2:$C$5000,$B3,Datos!$D$2:$D$5000,J$2)=0,"",SUMIFS(Datos!$E$2:$E$5000,Datos!$A$2:$A$5000,J$1,Datos!$B$2:$B$5000,$A3,Datos!$C$2:$C$5000,$B3,Datos!$D$2:$D$5000,J$2))
A4: Argentina | B4: 1996 | C4: =IF(COUNTIFS(Datos!$A$2:$A$5000,C$1,Datos!$B$2:$B$5000,$A4,Datos!$C$2:$C$5000,$B4,Datos!$D$2:$D$5000,C$2)=0,"",SUMIFS(Datos!$E$2:$E$5000,Datos!$A$2:$A$5000,C$1,Datos!$B$2:$B$5000,$A4,Datos!$C$2:$C$5000,$B4,Datos!$D$2:$D$5000,C$2)) | D4: =IF(COUNTIFS(Datos!$A$2:$A$5000,D$1,Datos!$B$2:$B$5000,$A4,Datos!$C$2:$C$5000,$B4,Datos!$D$2:$D$5000,D$2)=0,"",SUMIFS(Datos!$E$2:$E$5000,Datos!$A$2:$A$5000,D$1,Datos!$B$2:$B$5000,$A4,Datos!$C$2:$C$5000,$B4,Datos!$D$2:$D$5000,D$2)) | E4: =IF(COUNTIFS(Datos!$A$2:$A$5000,E$1,Datos!$B$2:$B$5000,$A4,Datos!$C$2:$C$5000,$B4,Datos!$D$2:$D$5000,E$2)=0,"",SUMIFS(Datos!$E$2:$E$5000,Datos!$A$2:$A$5000,E$1,Datos!$B$2:$B$5000,$A4,Datos!$C$2:$C$5000,$B4,Datos!$D$2:$D$5000,E$2)) | F4: =IF(COUNTIFS(Datos!$A$2:$A$5000,F$1,Datos!$B$2:$B$5000,$A4,Datos!$C$2:$C$5000,$B4,Datos!$D$2:$D$5000,F$2)=0,"",SUMIFS(Datos!$E$2:$E$5000,Datos!$A$2:$A$5000,F$1,Datos!$B$2:$B$5000,$A4,Datos!$C$2:$C$5000,$B4,Datos!$D$2:$D$5000,F$2)) | G4: =IF(COUNTIFS(Datos!$A$2:$A$5000,G$1,Datos!$B$2:$B$5000,$A4,Datos!$C$2:$C$5000,$B4,Datos!$D$2:$D$5000,G$2)=0,"",SUMIFS(Datos!$E$2:$E$5000,Datos!$A$2:$A$5000,G$1,Datos!$B$2:$B$5000,$A4,Datos!$C$2:$C$5000,$B4,Datos!$D$2:$D$5000,G$2)) | H4: =IF(COUNTIFS(Datos!$A$2:$A$5000,H$1,Datos!$B$2:$B$5000,$A4,Datos!$C$2:$C$5000,$B4,Datos!$D$2:$D$5000,H$2)=0,"",SUMIFS(Datos!$E$2:$E$5000,Datos!$A$2:$A$5000,H$1,Datos!$B$2:$B$5000,$A4,Datos!$C$2:$C$5000,$B4,Datos!$D$2:$D$5000,H$2)) | I4: =IF(COUNTIFS(Datos!$A$2:$A$5000,I$1,Datos!$B$2:$B$5000,$A4,Datos!$C$2:$C$5000,$B4,Datos!$D$2:$D$5000,I$2)=0,"",SUMIFS(Datos!$E$2:$E$5000,Datos!$A$2:$A$5000,I$1,Datos!$B$2:$B$5000,$A4,Datos!$C$2:$C$5000,$B4,Datos!$D$2:$D$5000,I$2)) | J4: =IF(COUNTIFS(Datos!$A$2:$A$5000,J$1,Datos!$B$2:$B$5000,$A4,Datos!$C$2:$C$5000,$B4,Datos!$D$2:$D$5000,J$2)=0,"",SUMIFS(Datos!$E$2:$E$5000,Datos!$A$2:$A$5000,J$1,Datos!$B$2:$B$5000,$A4,Datos!$C$2:$C$5000,$B4,Datos!$D$2:$D$5000,J$2))
A5: Argentina | B5: 1997 | C5: =IF(COUNTIFS(Datos!$A$2:$A$5000,C$1,Datos!$B$2:$B$5000,$A5,Datos!$C$2:$C$5000,$B5,Datos!$D$2:$D$5000,C$2)=0,"",SUMIFS(Datos!$E$2:$E$5000,Datos!$A$2:$A$5000,C$1,Datos!$B$2:$B$5000,$A5,Datos!$C$2:$C$5000,$B5,Datos!$D$2:$D$5000,C$2)) | D5: =IF(COUNTIFS(Datos!$A$2:$A$5000,D$1,Datos!$B$2:$B$5000,$A5,Datos!$C$2:$C$5000,$B5,Datos!$D$2:$D$5000,D$2)=0,"",SUMIFS(Datos!$E$2:$E$5000,Datos!$A$2:$A$5000,D$1,Datos!$B$2:$B$5000,$A5,Datos!$C$2:$C$5000,$B5,Datos!$D$2:$D$5000,D$2)) | E5: =IF(COUNTIFS(Datos!$A$2:$A$5000,E$1,Datos!$B$2:$B$5000,$A5,Datos!$C$2:$C$5000,$B5,Datos!$D$2:$D$5000,E$2)=0,"",SUMIFS(Datos!$E$2:$E$5000,Datos!$A$2:$A$5000,E$1,Datos!$B$2:$B$5000,$A5,Datos!$C$2:$C$5000,$B5,Datos!$D$2:$D$5000,E$2)) | F5: =IF(COUNTIFS(Datos!$A$2:$A$5000,F$1,Datos!$B$2:$B$5000,$A5,Datos!$C$2:$C$5000,$B5,Datos!$D$2:$D$5000,F$2)=0,"",SUMIFS(Datos!$E$2:$E$5000,Datos!$A$2:$A$5000,F$1,Datos!$B$2:$B$5000,$A5,Datos!$C$2:$C$5000,$B5,Datos!$D$2:$D$5000,F$2)) | G5: =IF(COUNTIFS(Datos!$A$2:$A$5000,G$1,Datos!$B$2:$B$5000,$A5,Datos!$C$2:$C$5000,$B5,Datos!$D$2:$D$5000,G$2)=0,"",SUMIFS(Datos!$E$2:$E$5000,Datos!$A$2:$A$5000,G$1,Datos!$B$2:$B$5000,$A5,Datos!$C$2:$C$5000,$B5,Datos!$D$2:$D$5000,G$2)) | H5: =IF(COUNTIFS(Datos!$A$2:$A$5000,H$1,Datos!$B$2:$B$5000,$A5,Datos!$C$2:$C$5000,$B5,Datos!$D$2:$D$5000,H$2)=0,"",SUMIFS(Datos!$E$2:$E$5000,Datos!$A$2:$A$5000,H$1,Datos!$B$2:$B$5000,$A5,Datos!$C$2:$C$5000,$B5,Datos!$D$2:$D$5000,H$2)) | I5: =IF(COUNTIFS(Datos!$A$2:$A$5000,I$1,Datos!$B$2:$B$5000,$A5,Datos!$C$2:$C$5000,$B5,Datos!$D$2:$D$5000,I$2)=0,"",SUMIFS(Datos!$E$2:$E$5000,Datos!$A$2:$A$5000,I$1,Datos!$B$2:$B$5000,$A5,Datos!$C$2:$C$5000,$B5,Datos!$D$2:$D$5000,I$2)) | J5: =IF(COUNTIFS(Datos!$A$2:$A$5000,J$1,Datos!$B$2:$B$5000,$A5,Datos!$C$2:$C$5000,$B5,Datos!$D$2:$D$5000,J$2)=0,"",SUMIFS(Datos!$E$2:$E$5000,Datos!$A$2:$A$5000,J$1,Datos!$B$2:$B$5000,$A5,Datos!$C$2:$C$5000,$B5,Datos!$D$2:$D$5000,J$2))
A6: Argentina | B6: 1998 | C6: =IF(COUNTIFS(Datos!$A$2:$A$5000,C$1,Datos!$B$2:$B$5000,$A6,Datos!$C$2:$C$5000,$B6,Datos!$D$2:$D$5000,C$2)=0,"",SUMIFS(Datos!$E$2:$E$5000,Datos!$A$2:$A$5000,C$1,Datos!$B$2:$B$5000,$A6,Datos!$C$2:$C$5000,$B6,Datos!$D$2:$D$5000,C$2)) | D6: =IF(COUNTIFS(Datos!$A$2:$A$5000,D$1,Datos!$B$2:$B$5000,$A6,Datos!$C$2:$C$5000,$B6,Datos!$D$2:$D$5000,D$2)=0,"",SUMIFS(Datos!$E$2:$E$5000,Datos!$A$2:$A$5000,D$1,Datos!$B$2:$B$5000,$A6,Datos!$C$2:$C$5000,$B6,Datos!$D$2:$D$5000,D$2)) | E6: =IF(COUNTIFS(Datos!$A$2:$A$5000,E$1,Datos!$B$2:$B$5000,$A6,Datos!$C$2:$C$5000,$B6,Datos!$D$2:$D$5000,E$2)=0,"",SUMIFS(Datos!$E$2:$E$5000,Datos!$A$2:$A$5000,E$1,Datos!$B$2:$B$5000,$A6,Datos!$C$2:$C$5000,$B6,Datos!$D$2:$D$5000,E$2)) | F6: =IF(COUNTIFS(Datos!$A$2:$A$5000,F$1,Datos!$B$2:$B$5000,$A6,Datos!$C$2:$C$5000,$B6,Datos!$D$2:$D$5000,F$2)=0,"",SUMIFS(Datos!$E$2:$E$5000,Datos!$A$2:$A$5000,F$1,Datos!$B$2:$B$5000,$A6,Datos!$C$2:$C$5000,$B6,Datos!$D$2:$D$5000,F$2)) | G6: =IF(COUNTIFS(Datos!$A$2:$A$5000,G$1,Datos!$B$2:$B$5000,$A6,Datos!$C$2:$C$5000,$B6,Datos!$D$2:$D$5000,G$2)=0,"",SUMIFS(Datos!$E$2:$E$5000,Datos!$A$2:$A$5000,G$1,Datos!$B$2:$B$5000,$A6,Datos!$C$2:$C$5000,$B6,Datos!$D$2:$D$5000,G$2)) | H6: =IF(COUNTIFS(Datos!$A$2:$A$5000,H$1,Datos!$B$2:$B$5000,$A6,Datos!$C$2:$C$5000,$B6,Datos!$D$2:$D$5000,H$2)=0,"",SUMIFS(Datos!$E$2:$E$5000,Datos!$A$2:$A$5000,H$1,Datos!$B$2:$B$5000,$A6,Datos!$C$2:$C$5000,$B6,Datos!$D$2:$D$5000,H$2)) | I6: =IF(COUNTIFS(Datos!$A$2:$A$5000,I$1,Datos!$B$2:$B$5000,$A6,Datos!$C$2:$C$5000,$B6,Datos!$D$2:$D$5000,I$2)=0,"",SUMIFS(Datos!$E$2:$E$5000,Datos!$A$2:$A$5000,I$1,Datos!$B$2:$B$5000,$A6,Datos!$C$2:$C$5000,$B6,Datos!$D$2:$D$5000,I$2)) | J6: =IF(COUNTIFS(Datos!$A$2:$A$5000,J$1,Datos!$B$2:$B$5000,$A6,Datos!$C$2:$C$5000,$B6,Datos!$D$2:$D$5000,J$2)=0,"",SUMIFS(Datos!$E$2:$E$5000,Datos!$A$2:$A$5000,J$1,Datos!$B$2:$B$5000,$A6,Datos!$C$2:$C$5000,$B6,Datos!$D$2:$D$5000,J$2))
A7: Argentina | B7: 2000 | C7: =IF(COUNTIFS(Datos!$A$2:$A$5000,C$1,Datos!$B$2:$B$5000,$A7,Datos!$C$2:$C$5000,$B7,Datos!$D$2:$D$5000,C$2)=0,"",SUMIFS(Datos!$E$2:$E$5000,Datos!$A$2:$A$5000,C$1,Datos!$B$2:$B$5000,$A7,Datos!$C$2:$C$5000,$B7,Datos!$D$2:$D$5000,C$2)) | D7: =IF(COUNTIFS(Datos!$A$2:$A$5000,D$1,Datos!$B$2:$B$5000,$A7,Datos!$C$2:$C$5000,$B7,Datos!$D$2:$D$5000,D$2)=0,"",SUMIFS(Datos!$E$2:$E$5000,Datos!$A$2:$A$5000,D$1,Datos!$B$2:$B$5000,$A7,Datos!$C$2:$C$5000,$B7,Datos!$D$2:$D$5000,D$2)) | E7: =IF(COUNTIFS(Datos!$A$2:$A$5000,E$1,Datos!$B$2:$B$5000,$A7,Datos!$C$2:$C$5000,$B7,Datos!$D$2:$D$5000,E$2)=0,"",SUMIFS(Datos!$E$2:$E$5000,Datos!$A$2:$A$5000,E$1,Datos!$B$2:$B$5000,$A7,Datos!$C$2:$C$5000,$B7,Datos!$D$2:$D$5000,E$2)) | F7: =IF(COUNTIFS(Datos!$A$2:$A$5000,F$1,Datos!$B$2:$B$5000,$A7,Datos!$C$2:$C$5000,$B7,Datos!$D$2:$D$5000,F$2)=0,"",SUMIFS(Datos!$E$2:$E$5000,Datos!$A$2:$A$5000,F$1,Datos!$B$2:$B$5000,$A7,Datos!$C$2:$C$5000,$B7,Datos!$D$2:$D$5000,F$2)) | G7: =IF(COUNTIFS(Datos!$A$2:$A$5000,G$1,Datos!$B$2:$B$5000,$A7,Datos!$C$2:$C$5000,$B7,Datos!$D$2:$D$5000,G$2)=0,"",SUMIFS(Datos!$E$2:$E$5000,Datos!$A$2:$A$5000,G$1,Datos!$B$2:$B$5000,$A7,Datos!$C$2:$C$5000,$B7,Datos!$D$2:$D$5000,G$2)) | H7: =IF(COUNTIFS(Datos!$A$2:$A$5000,H$1,Datos!$B$2:$B$5000,$A7,Datos!$C$2:$C$5000,$B7,Datos!$D$2:$D$5000,H$2)=0,"",SUMIFS(Datos!$E$2:$E$5000,Datos!$A$2:$A$5000,H$1,Datos!$B$2:$B$5000,$A7,Datos!$C$2:$C$5000,$B7,Datos!$D$2:$D$5000,H$2)) | I7: =IF(COUNTIFS(Datos!$A$2:$A$5000,I$1,Datos!$B$2:$B$5000,$A7,Datos!$C$2:$C$5000,$B7,Datos!$D$2:$D$5000,I$2)=0,"",SUMIFS(Datos!$E$2:$E$5000,Datos!$A$2:$A$5000,I$1,Datos!$B$2:$B$5000,$A7,Datos!$C$2:$C$5000,$B7,Datos!$D$2:$D$5000,I$2)) | J7: =IF(COUNTIFS(Datos!$A$2:$A$5000,J$1,Datos!$B$2:$B$5000,$A7,Datos!$C$2:$C$5000,$B7,Datos!$D$2:$D$5000,J$2)=0,"",SUMIFS(Datos!$E$2:$E$5000,Datos!$A$2:$A$5000,J$1,Datos!$B$2:$B$5000,$A7,Datos!$C$2:$C$5000,$B7,Datos!$D$2:$D$5000,J$2))
A8: Argentina | B8: 2001 | C8: =IF(COUNTIFS(Datos!$A$2:$A$5000,C$1,Datos!$B$2:$B$5000,$A8,Datos!$C$2:$C$5000,$B8,Datos!$D$2:$D$5000,C$2)=0,"",SUMIFS(Datos!$E$2:$E$5000,Datos!$A$2:$A$5000,C$1,Datos!$B$2:$B$5000,$A8,Datos!$C$2:$C$5000,$B8,Datos!$D$2:$D$5000,C$2)) | D8: =IF(COUNTIFS(Datos!$A$2:$A$5000,D$1,Datos!$B$2:$B$5000,$A8,Datos!$C$2:$C$5000,$B8,Datos!$D$2:$D$5000,D$2)=0,"",SUMIFS(Datos!$E$2:$E$5000,Datos!$A$2:$A$5000,D$1,Datos!$B$2:$B$5000,$A8,Datos!$C$2:$C$5000,$B8,Datos!$D$2:$D$5000,D$2)) | E8: =IF(COUNTIFS(Datos!$A$2:$A$5000,E$1,Datos!$B$2:$B$5000,$A8,Datos!$C$2:$C$5000,$B8,Datos!$D$2:$D$5000,E$2)=0,"",SUMIFS(Datos!$E$2:$E$5000,Datos!$A$2:$A$5000,E$1,Datos!$B$2:$B$5000,$A8,Datos!$C$2:$C$5000,$B8,Datos!$D$2:$D$5000,E$2)) | F8: =IF(COUNTIFS(Datos!$A$2:$A$5000,F$1,Datos!$B$2:$B$5000,$A8,Datos!$C$2:$C$5000,$B8,Datos!$D$2:$D$5000,F$2)=0,"",SUMIFS(Datos!$E$2:$E$5000,Datos!$A$2:$A$5000,F$1,Datos!$B$2:$B$5000,$A8,Datos!$C$2:$C$5000,$B8,Datos!$D$2:$D$5000,F$2)) | G8: =IF(COUNTIFS(Datos!$A$2:$A$5000,G$1,Datos!$B$2:$B$5000,$A8,Datos!$C$2:$C$5000,$B8,Datos!$D$2:$D$5000,G$2)=0,"",SUMIFS(Datos!$E$2:$E$5000,Datos!$A$2:$A$5000,G$1,Datos!$B$2:$B$5000,$A8,Datos!$C$2:$C$5000,$B8,Datos!$D$2:$D$5000,G$2)) | H8: =IF(COUNTIFS(Datos!$A$2:$A$5000,H$1,Datos!$B$2:$B$5000,$A8,Datos!$C$2:$C$5000,$B8,Datos!$D$2:$D$5000,H$2)=0,"",SUMIFS(Datos!$E$2:$E$5000,Datos!$A$2:$A$5000,H$1,Datos!$B$2:$B$5000,$A8,Datos!$C$2:$C$5000,$B8,Datos!$D$2:$D$5000,H$2)) | I8: =IF(COUNTIFS(Datos!$A$2:$A$5000,I$1,Datos!$B$2:$B$5000,$A8,Datos!$C$2:$C$5000,$B8,Datos!$D$2:$D$5000,I$2)=0,"",SUMIFS(Datos!$E$2:$E$5000,Datos!$A$2:$A$5000,I$1,Datos!$B$2:$B$5000,$A8,Datos!$C$2:$C$5000,$B8,Datos!$D$2:$D$5000,I$2)) | J8: =IF(COUNTIFS(Datos!$A$2:$A$5000,J$1,Datos!$B$2:$B$5000,$A8,Datos!$C$2:$C$5000,$B8,Datos!$D$2:$D$5000,J$2)=0,"",SUMIFS(Datos!$E$2:$E$5000,Datos!$A$2:$A$5000,J$1,Datos!$B$2:$B$5000,$A8,Datos!$C$2:$C$5000,$B8,Datos!$D$2:$D$5000,J$2))
A9: Argentina | B9: 2002 | C9: =IF(COUNTIFS(Datos!$A$2:$A$5000,C$1,Datos!$B$2:$B$5000,$A9,Datos!$C$2:$C$5000,$B9,Datos!$D$2:$D$5000,C$2)=0,"",SUMIFS(Datos!$E$2:$E$5000,Datos!$A$2:$A$5000,C$1,Datos!$B$2:$B$5000,$A9,Datos!$C$2:$C$5000,$B9,Datos!$D$2:$D$5000,C$2)) | D9: =IF(COUNTIFS(Datos!$A$2:$A$5000,D$1,Datos!$B$2:$B$5000,$A9,Datos!$C$2:$C$5000,$B9,Datos!$D$2:$D$5000,D$2)=0,"",SUMIFS(Datos!$E$2:$E$5000,Datos!$A$2:$A$5000,D$1,Datos!$B$2:$B$5000,$A9,Datos!$C$2:$C$5000,$B9,Datos!$D$2:$D$5000,D$2)) | E9: =IF(COUNTIFS(Datos!$A$2:$A$5000,E$1,Datos!$B$2:$B$5000,$A9,Datos!$C$2:$C$5000,$B9,Datos!$D$2:$D$5000,E$2)=0,"",SUMIFS(Datos!$E$2:$E$5000,Datos!$A$2:$A$5000,E$1,Datos!$B$2:$B$5000,$A9,Datos!$C$2:$C$5000,$B9,Datos!$D$2:$D$5000,E$2)) | F9: =IF(COUNTIFS(Datos!$A$2:$A$5000,F$1,Datos!$B$2:$B$5000,$A9,Datos!$C$2:$C$5000,$B9,Datos!$D$2:$D$5000,F$2)=0,"",SUMIFS(Datos!$E$2:$E$5000,Datos!$A$2:$A$5000,F$1,Datos!$B$2:$B$5000,$A9,Datos!$C$2:$C$5000,$B9,Datos!$D$2:$D$5000,F$2)) | G9: =IF(COUNTIFS(Datos!$A$2:$A$5000,G$1,Datos!$B$2:$B$5000,$A9,Datos!$C$2:$C$5000,$B9,Datos!$D$2:$D$5000,G$2)=0,"",SUMIFS(Datos!$E$2:$E$5000,Datos!$A$2:$A$5000,G$1,Datos!$B$2:$B$5000,$A9,Datos!$C$2:$C$5000,$B9,Datos!$D$2:$D$5000,G$2)) | H9: =IF(COUNTIFS(Datos!$A$2:$A$5000,H$1,Datos!$B$2:$B$5000,$A9,Datos!$C$2:$C$5000,$B9,Datos!$D$2:$D$5000,H$2)=0,"",SUMIFS(Datos!$E$2:$E$5000,Datos!$A$2:$A$5000,H$1,Datos!$B$2:$B$5000,$A9,Datos!$C$2:$C$5000,$B9,Datos!$D$2:$D$5000,H$2)) | I9: =IF(COUNTIFS(Datos!$A$2:$A$5000,I$1,Datos!$B$2:$B$5000,$A9,Datos!$C$2:$C$5000,$B9,Datos!$D$2:$D$5000,I$2)=0,"",SUMIFS(Datos!$E$2:$E$5000,Datos!$A$2:$A$5000,I$1,Datos!$B$2:$B$5000,$A9,Datos!$C$2:$C$5000,$B9,Datos!$D$2:$D$5000,I$2)) | J9: =IF(COUNTIFS(Datos!$A$2:$A$5000,J$1,Datos!$B$2:$B$5000,$A9,Datos!$C$2:$C$5000,$B9,Datos!$D$2:$D$5000,J$2)=0,"",SUMIFS(Datos!$E$2:$E$5000,Datos!$A$2:$A$5000,J$1,Datos!$B$2:$B$5000,$A9,Datos!$C$2:$C$5000,$B9,Datos!$D$2:$D$5000,J$2))
A10: Argentina | B10: 2003 | C10: =IF(COUNTIFS(Datos!$A$2:$A$5000,C$1,Datos!$B$2:$B$5000,$A10,Datos!$C$2:$C$5000,$B10,Datos!$D$2:$D$5000,C$2)=0,"",SUMIFS(Datos!$E$2:$E$5000,Datos!$A$2:$A$5000,C$1,Datos!$B$2:$B$5000,$A10,Datos!$C$2:$C$5000,$B10,Datos!$D$2:$D$5000,C$2)) | D10: =IF(COUNTIFS(Datos!$A$2:$A$5000,D$1,Datos!$B$2:$B$5000,$A10,Datos!$C$2:$C$5000,$B10,Datos!$D$2:$D$5000,D$2)=0,"",SUMIFS(Datos!$E$2:$E$5000,Datos!$A$2:$A$5000,D$1,Datos!$B$2:$B$5000,$A10,Datos!$C$2:$C$5000,$B10,Datos!$D$2:$D$5000,D$2)) | E10: =IF(COUNTIFS(Datos!$A$2:$A$5000,E$1,Datos!$B$2:$B$5000,$A10,Datos!$C$2:$C$5000,$B10,Datos!$D$2:$D$5000,E$2)=0,"",SUMIFS(Datos!$E$2:$E$5000,Datos!$A$2:$A$5000,E$1,Datos!$B$2:$B$5000,$A10,Datos!$C$2:$C$5000,$B10,Datos!$D$2:$D$5000,E$2)) | F10: =IF(COUNTIFS(Datos!$A$2:$A$5000,F$1,Datos!$B$2:$B$5000,$A10,Datos!$C$2:$C$5000,$B10,Datos!$D$2:$D$5000,F$2)=0,"",SUMIFS(Datos!$E$2:$E$5000,Datos!$A$2:$A$5000,F$1,Datos!$B$2:$B$5000,$A10,Datos!$C$2:$C$5000,$B10,Datos!$D$2:$D$5000,F$2)) | G10: =IF(COUNTIFS(Datos!$A$2:$A$5000,G$1,Datos!$B$2:$B$5000,$A10,Datos!$C$2:$C$5000,$B10,Datos!$D$2:$D$5000,G$2)=0,"",SUMIFS(Datos!$E$2:$E$5000,Datos!$A$2:$A$5000,G$1,Datos!$B$2:$B$5000,$A10,Datos!$C$2:$C$5000,$B10,Datos!$D$2:$D$5000,G$2)) | H10: =IF(COUNTIFS(Datos!$A$2:$A$5000,H$1,Datos!$B$2:$B$5000,$A10,Datos!$C$2:$C$5000,$B10,Datos!$D$2:$D$5000,H$2)=0,"",SUMIFS(Datos!$E$2:$E$5000,Datos!$A$2:$A$5000,H$1,Datos!$B$2:$B$5000,$A10,Datos!$C$2:$C$5000,$B10,Datos!$D$2:$D$5000,H$2)) | I10: =IF(COUNTIFS(Datos!$A$2:$A$5000,I$1,Datos!$B$2:$B$5000,$A10,Datos!$C$2:$C$5000,$B10,Datos!$D$2:$D$5000,I$2)=0,"",SUMIFS(Datos!$E$2:$E$5000,Datos!$A$2:$A$5000,I$1,Datos!$B$2:$B$5000,$A10,Datos!$C$2:$C$5000,$B10,Datos!$D$2:$D$5000,I$2)) | J10: =IF(COUNTIFS(Datos!$A$2:$A$5000,J$1,Datos!$B$2:$B$5000,$A10,Datos!$C$2:$C$5000,$B10,Datos!$D$2:$D$5000,J$2)=0,"",SUMIFS(Datos!$E$2:$E$5000,Datos!$A$2:$A$5000,J$1,Datos!$B$2:$B$5000,$A10,Datos!$C$2:$C$5000,$B10,Datos!$D$2:$D$5000,J$2))
A11: Argentina | B11: 2004 | C11: =IF(COUNTIFS(Datos!$A$2:$A$5000,C$1,Datos!$B$2:$B$5000,$A11,Datos!$C$2:$C$5000,$B11,Datos!$D$2:$D$5000,C$2)=0,"",SUMIFS(Datos!$E$2:$E$5000,Datos!$A$2:$A$5000,C$1,Datos!$B$2:$B$5000,$A11,Datos!$C$2:$C$5000,$B11,Datos!$D$2:$D$5000,C$2)) | D11: =IF(COUNTIFS(Datos!$A$2:$A$5000,D$1,Datos!$B$2:$B$5000,$A11,Datos!$C$2:$C$5000,$B11,Datos!$D$2:$D$5000,D$2)=0,"",SUMIFS(Datos!$E$2:$E$5000,Datos!$A$2:$A$5000,D$1,Datos!$B$2:$B$5000,$A11,Datos!$C$2:$C$5000,$B11,Datos!$D$2:$D$5000,D$2)) | E11: =IF(COUNTIFS(Datos!$A$2:$A$5000,E$1,Datos!$B$2:$B$5000,$A11,Datos!$C$2:$C$5000,$B11,Datos!$D$2:$D$5000,E$2)=0,"",SUMIFS(Datos!$E$2:$E$5000,Datos!$A$2:$A$5000,E$1,Datos!$B$2:$B$5000,$A11,Datos!$C$2:$C$5000,$B11,Datos!$D$2:$D$5000,E$2)) | F11: =IF(COUNTIFS(Datos!$A$2:$A$5000,F$1,Datos!$B$2:$B$5000,$A11,Datos!$C$2:$C$5000,$B11,Datos!$D$2:$D$5000,F$2)=0,"",SUMIFS(Datos!$E$2:$E$5000,Datos!$A$2:$A$5000,F$1,Datos!$B$2:$B$5000,$A11,Datos!$C$2:$C$5000,$B11,Datos!$D$2:$D$5000,F$2)) | G11: =IF(COUNTIFS(Datos!$A$2:$A$5000,G$1,Datos!$B$2:$B$5000,$A11,Datos!$C$2:$C$5000,$B11,Datos!$D$2:$D$5000,G$2)=0,"",SUMIFS(Datos!$E$2:$E$5000,Datos!$A$2:$A$5000,G$1,Datos!$B$2:$B$5000,$A11,Datos!$C$2:$C$5000,$B11,Datos!$D$2:$D$5000,G$2)) | H11: =IF(COUNTIFS(Datos!$A$2:$A$5000,H$1,Datos!$B$2:$B$5000,$A11,Datos!$C$2:$C$5000,$B11,Datos!$D$2:$D$5000,H$2)=0,"",SUMIFS(Datos!$E$2:$E$5000,Datos!$A$2:$A$5000,H$1,Datos!$B$2:$B$5000,$A11,Datos!$C$2:$C$5000,$B11,Datos!$D$2:$D$5000,H$2)) | I11: =IF(COUNTIFS(Datos!$A$2:$A$5000,I$1,Datos!$B$2:$B$5000,$A11,Datos!$C$2:$C$5000,$B11,Datos!$D$2:$D$5000,I$2)=0,"",SUMIFS(Datos!$E$2:$E$5000,Datos!$A$2:$A$5000,I$1,Datos!$B$2:$B$5000,$A11,Datos!$C$2:$C$5000,$B11,Datos!$D$2:$D$5000,I$2)) | J11: =IF(COUNTIFS(Datos!$A$2:$A$5000,J$1,Datos!$B$2:$B$5000,$A11,Datos!$C$2:$C$5000,$B11,Datos!$D$2:$D$5000,J$2)=0,"",SUMIFS(Datos!$E$2:$E$5000,Datos!$A$2:$A$5000,J$1,Datos!$B$2:$B$5000,$A11,Datos!$C$2:$C$5000,$B11,Datos!$D$2:$D$5000,J$2))
A12: Argentina | B12: 2005 | C12: =IF(COUNTIFS(Datos!$A$2:$A$5000,C$1,Datos!$B$2:$B$5000,$A12,Datos!$C$2:$C$5000,$B12,Datos!$D$2:$D$5000,C$2)=0,"",SUMIFS(Datos!$E$2:$E$5000,Datos!$A$2:$A$5000,C$1,Datos!$B$2:$B$5000,$A12,Datos!$C$2:$C$5000,$B12,Datos!$D$2:$D$5000,C$2)) | D12: =IF(COUNTIFS(Datos!$A$2:$A$5000,D$1,Datos!$B$2:$B$5000,$A12,Datos!$C$2:$C$5000,$B12,Datos!$D$2:$D$5000,D$2)=0,"",SUMIFS(Datos!$E$2:$E$5000,Datos!$A$2:$A$5000,D$1,Datos!$B$2:$B$5000,$A12,Datos!$C$2:$C$5000,$B12,Datos!$D$2:$D$5000,D$2)) | E12: =IF(COUNTIFS(Datos!$A$2:$A$5000,E$1,Datos!$B$2:$B$5000,$A12,Datos!$C$2:$C$5000,$B12,Datos!$D$2:$D$5000,E$2)=0,"",SUMIFS(Datos!$E$2:$E$5000,Datos!$A$2:$A$5000,E$1,Datos!$B$2:$B$5000,$A12,Datos!$C$2:$C$5000,$B12,Datos!$D$2:$D$5000,E$2)) | F12: =IF(COUNTIFS(Datos!$A$2:$A$5000,F$1,Datos!$B$2:$B$5000,$A12,Datos!$C$2:$C$5000,$B12,Datos!$D$2:$D$5000,F$2)=0,"",SUMIFS(Datos!$E$2:$E$5000,Datos!$A$2:$A$5000,F$1,Datos!$B$2:$B$5000,$A12,Datos!$C$2:$C$5000,$B12,Datos!$D$2:$D$5000,F$2)) | G12: =IF(COUNTIFS(Datos!$A$2:$A$5000,G$1,Datos!$B$2:$B$5000,$A12,Datos!$C$2:$C$5000,$B12,Datos!$D$2:$D$5000,G$2)=0,"",SUMIFS(Datos!$E$2:$E$5000,Datos!$A$2:$A$5000,G$1,Datos!$B$2:$B$5000,$A12,Datos!$C$2:$C$5000,$B12,Datos!$D$2:$D$5000,G$2)) | H12: =IF(COUNTIFS(Datos!$A$2:$A$5000,H$1,Datos!$B$2:$B$5000,$A12,Datos!$C$2:$C$5000,$B12,Datos!$D$2:$D$5000,H$2)=0,"",SUMIFS(Datos!$E$2:$E$5000,Datos!$A$2:$A$5000,H$1,Datos!$B$2:$B$5000,$A12,Datos!$C$2:$C$5000,$B12,Datos!$D$2:$D$5000,H$2)) | I12: =IF(COUNTIFS(Datos!$A$2:$A$5000,I$1,Datos!$B$2:$B$5000,$A12,Datos!$C$2:$C$5000,$B12,Datos!$D$2:$D$5000,I$2)=0,"",SUMIFS(Datos!$E$2:$E$5000,Datos!$A$2:$A$5000,I$1,Datos!$B$2:$B$5000,$A12,Datos!$C$2:$C$5000,$B12,Datos!$D$2:$D$5000,I$2)) | J12: =IF(COUNTIFS(Datos!$A$2:$A$5000,J$1,Datos!$B$2:$B$5000,$A12,Datos!$C$2:$C$5000,$B12,Datos!$D$2:$D$5000,J$2)=0,"",SUMIFS(Datos!$E$2:$E$5000,Datos!$A$2:$A$5000,J$1,Datos!$B$2:$B$5000,$A12,Datos!$C$2:$C$5000,$B12,Datos!$D$2:$D$5000,J$2))
A13: Argentina | B13: 2006 | C13: =IF(COUNTIFS(Datos!$A$2:$A$5000,C$1,Datos!$B$2:$B$5000,$A13,Datos!$C$2:$C$5000,$B13,Datos!$D$2:$D$5000,C$2)=0,"",SUMIFS(Datos!$E$2:$E$5000,Datos!$A$2:$A$5000,C$1,Datos!$B$2:$B$5000,$A13,Datos!$C$2:$C$5000,$B13,Datos!$D$2:$D$5000,C$2)) | D13: =IF(COUNTIFS(Datos!$A$2:$A$5000,D$1,Datos!$B$2:$B$5000,$A13,Datos!$C$2:$C$5000,$B13,Datos!$D$2:$D$5000,D$2)=0,"",SUMIFS(Datos!$E$2:$E$5000,Datos!$A$2:$A$5000,D$1,Datos!$B$2:$B$5000,$A13,Datos!$C$2:$C$5000,$B13,Datos!$D$2:$D$5000,D$2)) | E13: =IF(COUNTIFS(Datos!$A$2:$A$5000,E$1,Datos!$B$2:$B$5000,$A13,Datos!$C$2:$C$5000,$B13,Datos!$D$2:$D$5000,E$2)=0,"",SUMIFS(Datos!$E$2:$E$5000,Datos!$A$2:$A$5000,E$1,Datos!$B$2:$B$5000,$A13,Datos!$C$2:$C$5000,$B13,Datos!$D$2:$D$5000,E$2)) | F13: =IF(COUNTIFS(Datos!$A$2:$A$5000,F$1,Datos!$B$2:$B$5000,$A13,Datos!$C$2:$C$5000,$B13,Datos!$D$2:$D$5000,F$2)=0,"",SUMIFS(Datos!$E$2:$E$5000,Datos!$A$2:$A$5000,F$1,Datos!$B$2:$B$5000,$A13,Datos!$C$2:$C$5000,$B13,Datos!$D$2:$D$5000,F$2)) | G13: =IF(COUNTIFS(Datos!$A$2:$A$5000,G$1,Datos!$B$2:$B$5000,$A13,Datos!$C$2:$C$5000,$B13,Datos!$D$2:$D$5000,G$2)=0,"",SUMIFS(Datos!$E$2:$E$5000,Datos!$A$2:$A$5000,G$1,Datos!$B$2:$B$5000,$A13,Datos!$C$2:$C$5000,$B13,Datos!$D$2:$D$5000,G$2)) | H13: =IF(COUNTIFS(Datos!$A$2:$A$5000,H$1,Datos!$B$2:$B$5000,$A13,Datos!$C$2:$C$5000,$B13,Datos!$D$2:$D$5000,H$2)=0,"",SUMIFS(Datos!$E$2:$E$5000,Datos!$A$2:$A$5000,H$1,Datos!$B$2:$B$5000,$A13,Datos!$C$2:$C$5000,$B13,Datos!$D$2:$D$5000,H$2)) | I13: =IF(COUNTIFS(Datos!$A$2:$A$5000,I$1,Datos!$B$2:$B$5000,$A13,Datos!$C$2:$C$5000,$B13,Datos!$D$2:$D$5000,I$2)=0,"",SUMIFS(Datos!$E$2:$E$5000,Datos!$A$2:$A$5000,I$1,Datos!$B$2:$B$5000,$A13,Datos!$C$2:$C$5000,$B13,Datos!$D$2:$D$5000,I$2)) | J13: =IF(COUNTIFS(Datos!$A$2:$A$5000,J$1,Datos!$B$2:$B$5000,$A13,Datos!$C$2:$C$5000,$B13,Datos!$D$2:$D$5000,J$2)=0,"",SUMIFS(Datos!$E$2:$E$5000,Datos!$A$2:$A$5000,J$1,Datos!$B$2:$B$5000,$A13,Datos!$C$2:$C$5000,$B13,Datos!$D$2:$D$5000,J$2))
A14: Argentina | B14: 2007 | C14: =IF(COUNTIFS(Datos!$A$2:$A$5000,C$1,Datos!$B$2:$B$5000,$A14,Datos!$C$2:$C$5000,$B14,Datos!$D$2:$D$5000,C$2)=0,"",SUMIFS(Datos!$E$2:$E$5000,Datos!$A$2:$A$5000,C$1,Datos!$B$2:$B$5000,$A14,Datos!$C$2:$C$5000,$B14,Datos!$D$2:$D$5000,C$2)) | D14: =IF(COUNTIFS(Datos!$A$2:$A$5000,D$1,Datos!$B$2:$B$5000,$A14,Datos!$C$2:$C$5000,$B14,Datos!$D$2:$D$5000,D$2)=0,"",SUMIFS(Datos!$E$2:$E$5000,Datos!$A$2:$A$5000,D$1,Datos!$B$2:$B$5000,$A14,Datos!$C$2:$C$5000,$B14,Datos!$D$2:$D$5000,D$2)) | E14: =IF(COUNTIFS(Datos!$A$2:$A$5000,E$1,Datos!$B$2:$B$5000,$A14,Datos!$C$2:$C$5000,$B14,Datos!$D$2:$D$5000,E$2)=0,"",SUMIFS(Datos!$E$2:$E$5000,Datos!$A$2:$A$5000,E$1,Datos!$B$2:$B$5000,$A14,Datos!$C$2:$C$5000,$B14,Datos!$D$2:$D$5000,E$2)) | F14: =IF(COUNTIFS(Datos!$A$2:$A$5000,F$1,Datos!$B$2:$B$5000,$A14,Datos!$C$2:$C$5000,$B14,Datos!$D$2:$D$5000,F$2)=0,"",SUMIFS(Datos!$E$2:$E$5000,Datos!$A$2:$A$5000,F$1,Datos!$B$2:$B$5000,$A14,Datos!$C$2:$C$5000,$B14,Datos!$D$2:$D$5000,F$2)) | G14: =IF(COUNTIFS(Datos!$A$2:$A$5000,G$1,Datos!$B$2:$B$5000,$A14,Datos!$C$2:$C$5000,$B14,Datos!$D$2:$D$5000,G$2)=0,"",SUMIFS(Datos!$E$2:$E$5000,Datos!$A$2:$A$5000,G$1,Datos!$B$2:$B$5000,$A14,Datos!$C$2:$C$5000,$B14,Datos!$D$2:$D$5000,G$2)) | H14: =IF(COUNTIFS(Datos!$A$2:$A$5000,H$1,Datos!$B$2:$B$5000,$A14,Datos!$C$2:$C$5000,$B14,Datos!$D$2:$D$5000,H$2)=0,"",SUMIFS(Datos!$E$2:$E$5000,Datos!$A$2:$A$5000,H$1,Datos!$B$2:$B$5000,$A14,Datos!$C$2:$C$5000,$B14,Datos!$D$2:$D$5000,H$2)) | I14: =IF(COUNTIFS(Datos!$A$2:$A$5000,I$1,Datos!$B$2:$B$5000,$A14,Datos!$C$2:$C$5000,$B14,Datos!$D$2:$D$5000,I$2)=0,"",SUMIFS(Datos!$E$2:$E$5000,Datos!$A$2:$A$5000,I$1,Datos!$B$2:$B$5000,$A14,Datos!$C$2:$C$5000,$B14,Datos!$D$2:$D$5000,I$2)) | J14: =IF(COUNTIFS(Datos!$A$2:$A$5000,J$1,Datos!$B$2:$B$5000,$A14,Datos!$C$2:$C$5000,$B14,Datos!$D$2:$D$5000,J$2)=0,"",SUMIFS(Datos!$E$2:$E$5000,Datos!$A$2:$A$5000,J$1,Datos!$B$2:$B$5000,$A14,Datos!$C$2:$C$5000,$B14,Datos!$D$2:$D$5000,J$2))
... A378: Venezuela | B378: 2024 | C378: =IF(COUNTIFS(Datos!$A$2:$A$5000,C$1,Datos!$B$2:$B$5000,$A378,Datos!$C$2:$C$5000,$B378,Datos!$D$2:$D$5000,C$2)=0,"",SUMIFS(Datos!$E$2:$E$5000,Datos!$A$2:$A$5000,C$1,Datos!$B$2:$B$5000,$A378,Datos!$C$2:$C$5000,$B378,Datos!$D$2:$D$5000,C$2)) | D378: =IF(COUNTIFS(Datos!$A$2:$A$5000,D$1,Datos!$B$2:$B$5000,$A378,Datos!$C$2:$C$5000,$B378,Datos!$D$2:$D$5000,D$2)=0,"",SUMIFS(Datos!$E$2:$E$5000,Datos!$A$2:$A$5000,D$1,Datos!$B$2:$B$5000,$A378,Datos!$C$2:$C$5000,$B378,Datos!$D$2:$D$5000,D$2)) | E378: =IF(COUNTIFS(Datos!$A$2:$A$5000,E$1,Datos!$B$2:$B$5000,$A378,Datos!$C$2:$C$5000,$B378,Datos!$D$2:$D$5000,E$2)=0,"",SUMIFS(Datos!$E$2:$E$5000,Datos!$A$2:$A$5000,E$1,Datos!$B$2:$B$5000,$A378,Datos!$C$2:$C$5000,$B378,Datos!$D$2:$D$5000,E$2)) | F378: =IF(COUNTIFS(Datos!$A$2:$A$5000,F$1,Datos!$B$2:$B$5000,$A378,Datos!$C$2:$C$5000,$B378,Datos!$D$2:$D$5000,F$2)=0,"",SUMIFS(Datos!$E$2:$E$5000,Datos!$A$2:$A$5000,F$1,Datos!$B$2:$B$5000,$A378,Datos!$C$2:$C$5000,$B378,Datos!$D$2:$D$5000,F$2)) | G378: =IF(COUNTIFS(Datos!$A$2:$A$5000,G$1,Datos!$B$2:$B$5000,$A378,Datos!$C$2:$C$5000,$B378,Datos!$D$2:$D$5000,G$2)=0,"",SUMIFS(Datos!$E$2:$E$5000,Datos!$A$2:$A$5000,G$1,Datos!$B$2:$B$5000,$A378,Datos!$C$2:$C$5000,$B378,Datos!$D$2:$D$5000,G$2)) | H378: =IF(COUNTIFS(Datos!$A$2:$A$5000,H$1,Datos!$B$2:$B$5000,$A378,Datos!$C$2:$C$5000,$B378,Datos!$D$2:$D$5000,H$2)=0,"",SUMIFS(Datos!$E$2:$E$5000,Datos!$A$2:$A$5000,H$1,Datos!$B$2:$B$5000,$A378,Datos!$C$2:$C$5000,$B378,Datos!$D$2:$D$5000,H$2)) | I378: =IF(COUNTIFS(Datos!$A$2:$A$5000,I$1,Datos!$B$2:$B$5000,$A378,Datos!$C$2:$C$5000,$B378,Datos!$D$2:$D$5000,I$2)=0,"",SUMIFS(Datos!$E$2:$E$5000,Datos!$A$2:$A$5000,I$1,Datos!$B$2:$B$5000,$A378,Datos!$C$2:$C$5000,$B378,Datos!$D$2:$D$5000,I$2)) | J378: =IF(COUNTIFS(Datos!$A$2:$A$5000,J$1,Datos!$B$2:$B$5000,$A378,Datos!$C$2:$C$5000,$B378,Datos!$D$2:$D$5000,J$2)=0,"",SUMIFS(Datos!$E$2:$E$5000,Datos!$A$2:$A$5000,J$1,Datos!$B$2:$B$5000,$A378,Datos!$C$2:$C$5000,$B378,Datos!$D$2:$D$5000,J$2))

Sheet Gini
A1: País | B1: Año | C1: Gini (0-100) | D1: Fuente | E1: Clave
A2: Argentina | B2: 1995 | E2: =A2&"|"&B2
A3: Argentina | B3: 1996 | E3: =A3&"|"&B3
A4: Argentina | B4: 1997 | E4: =A4&"|"&B4
A5: Argentina | B5: 1998 | E5: =A5&"|"&B5
A6: Argentina | B6: 2000 | E6: =A6&"|"&B6
A7: Argentina | B7: 2001 | E7: =A7&"|"&B7
A8: Argentina | B8: 2002 | E8: =A8&"|"&B8
A9: Argentina | B9: 2003 | E9: =A9&"|"&B9
A10: Argentina | B10: 2004 | E10: =A10&"|"&B10
A11: Argentina | B11: 2005 | E11: =A11&"|"&B11
A12: Argentina | B12: 2006 | E12: =A12&"|"&B12
A13: Argentina | B13: 2007 | E13: =A13&"|"&B13
... A377: Venezuela | B377: 2024 | E377: =A377&"|"&B377

Sheet Puente_CPI
A1: País (HDX) | B1: ISO3 | C1: CPI 2011 datahub (0-10) | D1: CPI 2012 HDX (0-100) | F1: Coeficientes del empalme | G1: Valor
A2: Afghanistan | B2: AFG | C2: 1.517 | D2: 8 | F2: Intercepto (a) | G2: =INTERCEPT($D$2:$D$177,$C$2:$C$177)
A3: Albania | B3: ALB | C3: 3.053 | D3: 33 | F3: Pendiente (b) | G3: =SLOPE($D$2:$D$177,$C$2:$C$177)
A4: Algeria | B4: DZA | C4: 2.904 | D4: 34 | F4: R cuadrado | G4: =RSQ($D$2:$D$177,$C$2:$C$177)
A5: Angola | B5: AGO | C5: 2.005 | D5: 22 | F5: N países | G5: =COUNT($C$2:$C$177)
A6: Argentina | B6: ARG | C6: 2.996 | D6: 35
A7: Armenia | B7: ARM | C7: 2.629 | D7: 34 | F7: CPI empalmado (años <= 2011) = a + b x CPI datahub (0-10). Desde 2012: CPI HDX sin cambios.
A8: Australia | B8: AUS | C8: 8.844 | D8: 85 | F8: Supuesto: la corrupción percibida no cambió realmente entre 2011 y 2012; la diferencia se atribuye al cambio de metodología.
A9: Austria | B9: AUT | C9: 7.787 | D9: 69
A10: Azerbaijan | B10: AZE | C10: 2.375 | D10: 27
A11: Bahamas | B11: BHS | C11: 7.289 | D11: 71
A12: Bahrain | B12: BHR | C12: 5.11 | D12: 51
A13: Bangladesh | B13: BGD | C13: 2.657 | D13: 26
A14: Barbados | B14: BRB | C14: 7.774 | D14: 76
A15: Belarus | B15: BLR | C15: 2.418 | D15: 31
A16: Belgium | B16: BEL | C16: 7.487 | D16: 75
A17: Benin | B17: BEN | C17: 2.97 | D17: 36
A18: Bhutan | B18: BTN | C18: 5.742 | D18: 63
A19: Bolivia | B19: BOL | C19: 2.763 | D19: 34
A20: Bosnia and Herzegovina | B20: BIH | C20: 3.207 | D20: 42
... A177: Zimbabwe | B177: ZWE | C177: 2.23 | D177: 20

Sheet Corrupcion
A1: País | B1: Año | C1: CPI datahub (0-10, hasta 2011) | D1: CPI global HDX (0-100, desde 2012) | E1: CPI escala 0-10 (empalmado) | F1: CPI 0-100 (solo desde 2012) | G1: CPI 0-100 empalmado por regresión | H1: Clave
A2: Argentina | B2: 1995 | C2: 5.24 | E2: =IF(B2<=2011,IF(C2="","",C2),IF(D2="","",D2/10)) | F2: =IF(OR(B2<=2011,D2=""),"",D2) | G2: =IF(B2<=2011,IF(C2="","",Puente_CPI!$G$2+Puente_CPI!$G$3*C2),IF(D2="","",D2)) | H2: =A2&"|"&B2
A3: Argentina | B3: 1996 | C3: 3.41 | E3: =IF(B3<=2011,IF(C3="","",C3),IF(D3="","",D3/10)) | F3: =IF(OR(B3<=2011,D3=""),"",D3) | G3: =IF(B3<=2011,IF(C3="","",Puente_CPI!$G$2+Puente_CPI!$G$3*C3),IF(D3="","",D3)) | H3: =A3&"|"&B3
A4: Argentina | B4: 1997 | C4: 2.81 | E4: =IF(B4<=2011,IF(C4="","",C4),IF(D4="","",D4/10)) | F4: =IF(OR(B4<=2011,D4=""),"",D4) | G4: =IF(B4<=2011,IF(C4="","",Puente_CPI!$G$2+Puente_CPI!$G$3*C4),IF(D4="","",D4)) | H4: =A4&"|"&B4
A5: Argentina | B5: 1998 | C5: 3 | E5: =IF(B5<=2011,IF(C5="","",C5),IF(D5="","",D5/10)) | F5: =IF(OR(B5<=2011,D5=""),"",D5) | G5: =IF(B5<=2011,IF(C5="","",Puente_CPI!$G$2+Puente_CPI!$G$3*C5),IF(D5="","",D5)) | H5: =A5&"|"&B5
A6: Argentina | B6: 2000 | C6: 3.5 | E6: =IF(B6<=2011,IF(C6="","",C6),IF(D6="","",D6/10)) | F6: =IF(OR(B6<=2011,D6=""),"",D6) | G6: =IF(B6<=2011,IF(C6="","",Puente_CPI!$G$2+Puente_CPI!$G$3*C6),IF(D6="","",D6)) | H6: =A6&"|"&B6
A7: Argentina | B7: 2001 | C7: 3.5 | E7: =IF(B7<=2011,IF(C7="","",C7),IF(D7="","",D7/10)) | F7: =IF(OR(B7<=2011,D7=""),"",D7) | G7: =IF(B7<=2011,IF(C7="","",Puente_CPI!$G$2+Puente_CPI!$G$3*C7),IF(D7="","",D7)) | H7: =A7&"|"&B7
A8: Argentina | B8: 2002 | C8: 2.8 | E8: =IF(B8<=2011,IF(C8="","",C8),IF(D8="","",D8/10)) | F8: =IF(OR(B8<=2011,D8=""),"",D8) | G8: =IF(B8<=2011,IF(C8="","",Puente_CPI!$G$2+Puente_CPI!$G$3*C8),IF(D8="","",D8)) | H8: =A8&"|"&B8
A9: Argentina | B9: 2003 | C9: 2.5 | E9: =IF(B9<=2011,IF(C9="","",C9),IF(D9="","",D9/10)) | F9: =IF(OR(B9<=2011,D9=""),"",D9) | G9: =IF(B9<=2011,IF(C9="","",Puente_CPI!$G$2+Puente_CPI!$G$3*C9),IF(D9="","",D9)) | H9: =A9&"|"&B9
A10: Argentina | B10: 2004 | C10: 2.5 | E10: =IF(B10<=2011,IF(C10="","",C10),IF(D10="","",D10/10)) | F10: =IF(OR(B10<=2011,D10=""),"",D10) | G10: =IF(B10<=2011,IF(C10="","",Puente_CPI!$G$2+Puente_CPI!$G$3*C10),IF(D10="","",D10)) | H10: =A10&"|"&B10
A11: Argentina | B11: 2005 | C11: 2.8 | E11: =IF(B11<=2011,IF(C11="","",C11),IF(D11="","",D11/10)) | F11: =IF(OR(B11<=2011,D11=""),"",D11) | G11: =IF(B11<=2011,IF(C11="","",Puente_CPI!$G$2+Puente_CPI!$G$3*C11),IF(D11="","",D11)) | H11: =A11&"|"&B11
A12: Argentina | B12: 2006 | C12: 2.9 | E12: =IF(B12<=2011,IF(C12="","",C12),IF(D12="","",D12/10)) | F12: =IF(OR(B12<=2011,D12=""),"",D12) | G12: =IF(B12<=2011,IF(C12="","",Puente_CPI!$G$2+Puente_CPI!$G$3*C12),IF(D12="","",D12)) | H12: =A12&"|"&B12
A13: Argentina | B13: 2007 | C13: 2.9 | E13: =IF(B13<=2011,IF(C13="","",C13),IF(D13="","",D13/10)) | F13: =IF(OR(B13<=2011,D13=""),"",D13) | G13: =IF(B13<=2011,IF(C13="","",Puente_CPI!$G$2+Puente_CPI!$G$3*C13),IF(D13="","",D13)) | H13: =A13&"|"&B13
... A17: Argentina | B17: 2011 | C17: 2.996 | E17: =IF(B17<=2011,IF(C17="","",C17),IF(D17="","",D17/10)) | F17: =IF(OR(B17<=2011,D17=""),"",D17) | G17: =IF(B17<=2011,IF(C17="","",Puente_CPI!$G$2+Puente_CPI!$G$3*C17),IF(D17="","",D17)) | H17: =A17&"|"&B17
A18: Argentina | B18: 2015 | D18: 32 | E18: =IF(B18<=2011,IF(C18="","",C18),IF(D18="","",D18/10)) | F18: =IF(OR(B18<=2011,D18=""),"",D18) | G18: =IF(B18<=2011,IF(C18="","",Puente_CPI!$G$2+Puente_CPI!$G$3*C18),IF(D18="","",D18)) | H18: =A18&"|"&B18
A19: Argentina | B19: 2016 | D19: 36 | E19: =IF(B19<=2011,IF(C19="","",C19),IF(D19="","",D19/10)) | F19: =IF(OR(B19<=2011,D19=""),"",D19) | G19: =IF(B19<=2011,IF(C19="","",Puente_CPI!$G$2+Puente_CPI!$G$3*C19),IF(D19="","",D19)) | H19: =A19&"|"&B19
A20: Argentina | B20: 2017 | D20: 39 | E20: =IF(B20<=2011,IF(C20="","",C20),IF(D20="","",D20/10)) | F20: =IF(OR(B20<=2011,D20=""),"",D20) | G20: =IF(B20<=2011,IF(C20="","",Puente_CPI!$G$2+Puente_CPI!$G$3*C20),IF(D20="","",D20)) | H20: =A20&"|"&B20
A21: Argentina | B21: 2018 | D21: 40 | E21: =IF(B21<=2011,IF(C21="","",C21),IF(D21="","",D21/10)) | F21: =IF(OR(B21<=2011,D21=""),"",D21) | G21: =IF(B21<=2011,IF(C21="","",Puente_CPI!$G$2+Puente_CPI!$G$3*C21),IF(D21="","",D21)) | H21: =A21&"|"&B21
A22: Argentina | B22: 2020 | D22: 42 | E22: =IF(B22<=2011,IF(C22="","",C22),IF(D22="","",D22/10)) | F22: =IF(OR(B22<=2011,D22=""),"",D22) | G22: =IF(B22<=2011,IF(C22="","",Puente_CPI!$G$2+Puente_CPI!$G$3*C22),IF(D22="","",D22)) | H22: =A22&"|"&B22
A23: Argentina | B23: 2024 | D23: 37 | E23: =IF(B23<=2011,IF(C23="","",C23),IF(D23="","",D23/10)) | F23: =IF(OR(B23<=2011,D23=""),"",D23) | G23: =IF(B23<=2011,IF(C23="","",Puente_CPI!$G$2+Puente_CPI!$G$3*C23),IF(D23="","",D23)) | H23: =A23&"|"&B23
A24: Bolivia | B24: 1996 | C24: 3.4 | E24: =IF(B24<=2011,IF(C24="","",C24),IF(D24="","",D24/10)) | F24: =IF(OR(B24<=2011,D24=""),"",D24) | G24: =IF(B24<=2011,IF(C24="","",Puente_CPI!$G$2+Puente_CPI!$G$3*C24),IF(D24="","",D24)) | H24: =A24&"|"&B24
A25: Bolivia | B25: 1997 | C25: 2.05 | E25: =IF(B25<=2011,IF(C25="","",C25),IF(D25="","",D25/10)) | F25: =IF(OR(B25<=2011,D25=""),"",D25) | G25: =IF(B25<=2011,IF(C25="","",Puente_CPI!$G$2+Puente_CPI!$G$3*C25),IF(D25="","",D25)) | H25: =A25&"|"&B25
A26: Bolivia | B26: 1998 | C26: 2.8 | E26: =IF(B26<=2011,IF(C26="","",C26),IF(D26="","",D26/10)) | F26: =IF(OR(B26<=2011,D26=""),"",D26) | G26: =IF(B26<=2011,IF(C26="","",Puente_CPI!$G$2+Puente_CPI!$G$3*C26),IF(D26="","",D26)) | H26: =A26&"|"&B26
A27: Bolivia | B27: 2000 | C27: 2.7 | E27: =IF(B27<=2011,IF(C27="","",C27),IF(D27="","",D27/10)) | F27: =IF(OR(B27<=2011,D27=""),"",D27) | G27: =IF(B27<=2011,IF(C27="","",Puente_CPI!$G$2+Puente_CPI!$G$3*C27),IF(D27="","",D27)) | H27: =A27&"|"&B27
A28: Bolivia | B28: 2001 | C28: 2 | E28: =IF(B28<=2011,IF(C28="","",C28),IF(D28="","",D28/10)) | F28: =IF(OR(B28<=2011,D28=""),"",D28) | G28: =IF(B28<=2011,IF(C28="","",Puente_CPI!$G$2+Puente_CPI!$G$3*C28),IF(D28="","",D28)) | H28: =A28&"|"&B28
A29: Bolivia | B29: 2002 | C29: 2.2 | E29: =IF(B29<=2011,IF(C29="","",C29),IF(D29="","",D29/10)) | F29: =IF(OR(B29<=2011,D29=""),"",D29) | G29: =IF(B29<=2011,IF(C29="","",Puente_CPI!$G$2+Puente_CPI!$G$3*C29),IF(D29="","",D29)) | H29: =A29&"|"&B29
A30: Bolivia | B30: 2003 | C30: 2.3 | E30: =IF(B30<=2011,IF(C30="","",C30),IF(D30="","",D30/10)) | F30: =IF(OR(B30<=2011,D30=""),"",D30) | G30: =IF(B30<=2011,IF(C30="","",Puente_CPI!$G$2+Puente_CPI!$G$3*C30),IF(D30="","",D30)) | H30: =A30&"|"&B30
A31: Bolivia | B31: 2004 | C31: 2.2 | E31: =IF(B31<=2011,IF(C31="","",C31),IF(D31="","",D31/10)) | F31: =IF(OR(B31<=2011,D31=""),"",D31) | G31: =IF(B31<=2011,IF(C31="","",Puente_CPI!$G$2+Puente_CPI!$G$3*C31),IF(D31="","",D31)) | H31: =A31&"|"&B31
A32: Bolivia | B32: 2005 | C32: 2.5 | E32: =IF(B32<=2011,IF(C32="","",C32),IF(D32="","",D32/10)) | F32: =IF(OR(B32<=2011,D32=""),"",D32) | G32: =IF(B32<=2011,IF(C32="","",Puente_CPI!$G$2+Puente_CPI!$G$3*C32),IF(D32="","",D32)) | H32: =A32&"|"&B32
A33: Bolivia | B33: 2006 | C33: 2.7 | E33: =IF(B33<=2011,IF(C33="","",C33),IF(D33="","",D33/10)) | F33: =IF(OR(B33<=2011,D33=""),"",D33) | G33: =IF(B33<=2011,IF(C33="","",Puente_CPI!$G$2+Puente_CPI!$G$3*C33),IF(D33="","",D33)) | H33: =A33&"|"&B33
A34: Bolivia | B34: 2007 | C34: 2.9 | E34: =IF(B34<=2011,IF(C34="","",C34),IF(D34="","",D34/10)) | F34: =IF(OR(B34<=2011,D34=""),"",D34) | G34: =IF(B34<=2011,IF(C34="","",Puente_CPI!$G$2+Puente_CPI!$G$3*C34),IF(D34="","",D34)) | H34: =A34&"|"&B34
A35: Bolivia | B35: 2008 | C35: 3 | E35: =IF(B35<=2011,IF(C35="","",C35),IF(D35="","",D35/10)) | F35: =IF(OR(B35<=2011,D35=""),"",D35) | G35: =IF(B35<=2011,IF(C35="","",Puente_CPI!$G$2+Puente_CPI!$G$3*C35),IF(D35="","",D35)) | H35: =A35&"|"&B35
... A38: Bolivia | B38: 2011 | C38: 2.763 | E38: =IF(B38<=2011,IF(C38="","",C38),IF(D38="","",D38/10)) | F38: =IF(OR(B38<=2011,D38=""),"",D38) | G38: =IF(B38<=2011,IF(C38="","",Puente_CPI!$G$2+Puente_CPI!$G$3*C38),IF(D38="","",D38)) | H38: =A38&"|"&B38
A39: Bolivia | B39: 2016 | D39: 33 | E39: =IF(B39<=2011,IF(C39="","",C39),IF(D39="","",D39/10)) | F39: =IF(OR(B39<=2011,D39=""),"",D39) | G39: =IF(B39<=2011,IF(C39="","",Puente_CPI!$G$2+Puente_CPI!$G$3*C39),IF(D39="","",D39)) | H39: =A39&"|"&B39
A40: Bolivia | B40: 2017 | D40: 33 | E40: =IF(B40<=2011,IF(C40="","",C40),IF(D40="","",D40/10)) | F40: =IF(OR(B40<=2011,D40=""),"",D40) | G40: =IF(B40<=2011,IF(C40="","",Puente_CPI!$G$2+Puente_CPI!$G$3*C40),IF(D40="","",D40)) | H40: =A40&"|"&B40
A41: Bolivia | B41: 2018 | D41: 29 | E41: =IF(B41<=2011,IF(C41="","",C41),IF(D41="","",D41/10)) | F41: =IF(OR(B41<=2011,D41=""),"",D41) | G41: =IF(B41<=2011,IF(C41="","",Puente_CPI!$G$2+Puente_CPI!$G$3*C41),IF(D41="","",D41)) | H41: =A41&"|"&B41
A42: Bolivia | B42: 2020 | D42: 31 | E42: =IF(B42<=2011,IF(C42="","",C42),IF(D42="","",D42/10)) | F42: =IF(OR(B42<=2011,D42=""),"",D42) | G42: =IF(B42<=2011,IF(C42="","",Puente_CPI!$G$2+Puente_CPI!$G$3*C42),IF(D42="","",D42)) | H42: =A42&"|"&B42
A43: Bolivia | B43: 2024 | D43: 28 | E43: =IF(B43<=2011,IF(C43="","",C43),IF(D43="","",D43/10)) | F43: =IF(OR(B43<=2011,D43=""),"",D43) | G43: =IF(B43<=2011,IF(C43="","",Puente_CPI!$G$2+Puente_CPI!$G$3*C43),IF(D43="","",D43)) | H43: =A43&"|"&B43
A44: Brasil | B44: 1995 | C44: 2.7 | E44: =IF(B44<=2011,IF(C44="","",C44),IF(D44="","",D44/10)) | F44: =IF(OR(B44<=2011,D44=""),"",D44) | G44: =IF(B44<=2011,IF(C44="","",Puente_CPI!$G$2+Puente_CPI!$G$3*C44),IF(D44="","",D44)) | H44: =A44&"|"&B44
A45: Brasil | B45: 1996 | C45: 2.96 | E45: =IF(B45<=2011,IF(C45="","",C45),IF(D45="","",D45/10)) | F45: =IF(OR(B45<=2011,D45=""),"",D45) | G45: =IF(B45<=2011,IF(C45="","",Puente_CPI!$G$2+Puente_CPI!$G$3*C45),IF(D45="","",D45)) | H45: =A45&"|"&B45
A46: Brasil | B46: 1997 | C46: 3.56 | E46: =IF(B46<=2011,IF(C46="","",C46),IF(D46="","",D46/10)) | F46: =IF(OR(B46<=2011,D46=""),"",D46) | G46: =IF(B46<=2011,IF(C46="","",Puente_CPI!$G$2+Puente_CPI!$G$3*C46),IF(D46="","",D46)) | H46: =A46&"|"&B46
A47: Brasil | B47: 1998 | C47: 4 | E47: =IF(B47<=2011,IF(C47="","",C47),IF(D47="","",D47/10)) | F47: =IF(OR(B47<=2011,D47=""),"",D47) | G47: =IF(B47<=2011,IF(C47="","",Puente_CPI!$G$2+Puente_CPI!$G$3*C47),IF(D47="","",D47)) | H47: =A47&"|"&B47
A48: Brasil | B48: 2000 | C48: 3.9 | E48: =IF(B48<=2011,IF(C48="","",C48),IF(D48="","",D48/10)) | F48: =IF(OR(B48<=2011,D48=""),"",D48) | G48: =IF(B48<=2011,IF(C48="","",Puente_CPI!$G$2+Puente_CPI!$G$3*C48),IF(D48="","",D48)) | H48: =A48&"|"&B48
A49: Brasil | B49: 2001 | C49: 4 | E49: =IF(B49<=2011,IF(C49="","",C49),IF(D49="","",D49/10)) | F49: =IF(OR(B49<=2011,D49=""),"",D49) | G49: =IF(B49<=2011,IF(C49="","",Puente_CPI!$G$2+Puente_CPI!$G$3*C49),IF(D49="","",D49)) | H49: =A49&"|"&B49
A50: Brasil | B50: 2002 | C50: 4 | E50: =IF(B50<=2011,IF(C50="","",C50),IF(D50="","",D50/10)) | F50: =IF(OR(B50<=2011,D50=""),"",D50) | G50: =IF(B50<=2011,IF(C50="","",Puente_CPI!$G$2+Puente_CPI!$G$3*C50),IF(D50="","",D50)) | H50: =A50&"|"&B50
A51: Brasil | B51: 2003 | C51: 3.9 | E51: =IF(B51<=2011,IF(C51="","",C51),IF(D51="","",D51/10)) | F51: =IF(OR(B51<=2011,D51=""),"",D51) | G51: =IF(B51<=2011,IF(C51="","",Puente_CPI!$G$2+Puente_CPI!$G$3*C51),IF(D51="","",D51)) | H51: =A51&"|"&B51
A52: Brasil | B52: 2004 | C52: 3.9 | E52: =IF(B52<=2011,IF(C52="","",C52),IF(D52="","",D52/10)) | F52: =IF(OR(B52<=2011,D52=""),"",D52) | G52: =IF(B52<=2011,IF(C52="","",Puente_CPI!$G$2+Puente_CPI!$G$3*C52),IF(D52="","",D52)) | H52: =A52&"|"&B52
A53: Brasil | B53: 2005 | C53: 3.7 | E53: =IF(B53<=2011,IF(C53="","",C53),IF(D53="","",D53/10)) | F53: =IF(OR(B53<=2011,D53=""),"",D53) | G53: =IF(B53<=2011,IF(C53="","",Puente_CPI!$G$2+Puente_CPI!$G$3*C53),IF(D53="","",D53)) | H53: =A53&"|"&B53
A54: Brasil | B54: 2006 | C54: 3.3 | E54: =IF(B54<=2011,IF(C54="","",C54),IF(D54="","",D54/10)) | F54: =IF(OR(B54<=2011,D54=""),"",D54) | G54: =IF(B54<=2011,IF(C54="","",Puente_CPI!$G$2+Puente_CPI!$G$3*C54),IF(D54="","",D54)) | H54: =A54&"|"&B54
A55: Brasil | B55: 2007 | C55: 3.5 | E55: =IF(B55<=2011,IF(C55="","",C55),IF(D55="","",D55/10)) | F55: =IF(OR(B55<=2011,D55=""),"",D55) | G55: =IF(B55<=2011,IF(C55="","",Puente_CPI!$G$2+Puente_CPI!$G$3*C55),IF(D55="","",D55)) | H55: =A55&"|"&B55
... A59: Brasil | B59: 2011 | C59: 3.774 | E59: =IF(B59<=2011,IF(C59="","",C59),IF(D59="","",D59/10)) | F59: =IF(OR(B59<=2011,D59=""),"",D59) | G59: =IF(B59<=2011,IF(C59="","",Puente_CPI!$G$2+Puente_CPI!$G$3*C59),IF(D59="","",D59)) | H59: =A59&"|"&B59
A60: Brasil | B60: 2015 | D60: 38 | E60: =IF(B60<=2011,IF(C60="","",C60),IF(D60="","",D60/10)) | F60: =IF(OR(B60<=2011,D60=""),"",D60) | G60: =IF(B60<=2011,IF(C60="","",Puente_CPI!$G$2+Puente_CPI!$G$3*C60),IF(D60="","",D60)) | H60: =A60&"|"&B60
A61: Brasil | B61: 2016 | D61: 40 | E61: =IF(B61<=2011,IF(C61="","",C61),IF(D61="","",D61/10)) | F61: =IF(OR(B61<=2011,D61=""),"",D61) | G61: =IF(B61<=2011,IF(C61="","",Puente_CPI!$G$2+Puente_CPI!$G$3*C61),IF(D61="","",D61)) | H61: =A61&"|"&B61
A62: Brasil | B62: 2017 | D62: 37 | E62: =IF(B62<=2011,IF(C62="","",C62),IF(D62="","",D62/10)) | F62: =IF(OR(B62<=2011,D62=""),"",D62) | G62: =IF(B62<=2011,IF(C62="","",Puente_CPI!$G$2+Puente_CPI!$G$3*C62),IF(D62="","",D62)) | H62: =A62&"|"&B62
A63: Brasil | B63: 2018 | D63: 35 | E63: =IF(B63<=2011,IF(C63="","",C63),IF(D63="","",D63/10)) | F63: =IF(OR(B63<=2011,D63=""),"",D63) | G63: =IF(B63<=2011,IF(C63="","",Puente_CPI!$G$2+Puente_CPI!$G$3*C63),IF(D63="","",D63)) | H63: =A63&"|"&B63
A64: Brasil | B64: 2020 | D64: 38 | E64: =IF(B64<=2011,IF(C64="","",C64),IF(D64="","",D64/10)) | F64: =IF(OR(B64<=2011,D64=""),"",D64) | G64: =IF(B64<=2011,IF(C64="","",Puente_CPI!$G$2+Puente_CPI!$G$3*C64),IF(D64="","",D64)) | H64: =A64&"|"&B64
A65: Brasil | B65: 2024 | D65: 34 | E65: =IF(B65<=2011,IF(C65="","",C65),IF(D65="","",D65/10)) | F65: =IF(OR(B65<=2011,D65=""),"",D65) | G65: =IF(B65<=2011,IF(C65="","",Puente_CPI!$G$2+Puente_CPI!$G$3*C65),IF(D65="","",D65)) | H65: =A65&"|"&B65
A66: Chile | B66: 1995 | C66: 7.94 | E66: =IF(B66<=2011,IF(C66="","",C66),IF(D66="","",D66/10)) | F66: =IF(OR(B66<=2011,D66=""),"",D66) | G66: =IF(B66<=2011,IF(C66="","",Puente_CPI!$G$2+Puente_CPI!$G$3*C66),IF(D66="","",D66)) | H66: =A66&"|"&B66
A67: Chile | B67: 1996 | C67: 6.8 | E67: =IF(B67<=2011,IF(C67="","",C67),IF(D67="","",D67/10)) | F67: =IF(OR(B67<=2011,D67=""),"",D67) | G67: =IF(B67<=2011,IF(C67="","",Puente_CPI!$G$2+Puente_CPI!$G$3*C67),IF(D67="","",D67)) | H67: =A67&"|"&B67
A68: Chile | B68: 1997 | C68: 6.05 | E68: =IF(B68<=2011,IF(C68="","",C68),IF(D68="","",D68/10)) | F68: =IF(OR(B68<=2011,D68=""),"",D68) | G68: =IF(B68<=2011,IF(C68="","",Puente_CPI!$G$2+Puente_CPI!$G$3*C68),IF(D68="","",D68)) | H68: =A68&"|"&B68
A69: Chile | B69: 1998 | C69: 6.8 | E69: =IF(B69<=2011,IF(C69="","",C69),IF(D69="","",D69/10)) | F69: =IF(OR(B69<=2011,D69=""),"",D69) | G69: =IF(B69<=2011,IF(C69="","",Puente_CPI!$G$2+Puente_CPI!$G$3*C69),IF(D69="","",D69)) | H69: =A69&"|"&B69
A70: Chile | B70: 2000 | C70: 7.4 | E70: =IF(B70<=2011,IF(C70="","",C70),IF(D70="","",D70/10)) | F70: =IF(OR(B70<=2011,D70=""),"",D70) | G70: =IF(B70<=2011,IF(C70="","",Puente_CPI!$G$2+Puente_CPI!$G$3*C70),IF(D70="","",D70)) | H70: =A70&"|"&B70
A71: Chile | B71: 2001 | C71: 7.5 | E71: =IF(B71<=2011,IF(C71="","",C71),IF(D71="","",D71/10)) | F71: =IF(OR(B71<=2011,D71=""),"",D71) | G71: =IF(B71<=2011,IF(C71="","",Puente_CPI!$G$2+Puente_CPI!$G$3*C71),IF(D71="","",D71)) | H71: =A71&"|"&B71
A72: Chile | B72: 2002 | C72: 7.5 | E72: =IF(B72<=2011,IF(C72="","",C72),IF(D72="","",D72/10)) | F72: =IF(OR(B72<=2011,D72=""),"",D72) | G72: =IF(B72<=2011,IF(C72="","",Puente_CPI!$G$2+Puente_CPI!$G$3*C72),IF(D72="","",D72)) | H72: =A72&"|"&B72
A73: Chile | B73: 2003 | C73: 7.4 | E73: =IF(B73<=2011,IF(C73="","",C73),IF(D73="","",D73/10)) | F73: =IF(OR(B73<=2011,D73=""),"",D73) | G73: =IF(B73<=2011,IF(C73="","",Puente_CPI!$G$2+Puente_CPI!$G$3*C73),IF(D73="","",D73)) | H73: =A73&"|"&B73
A74: Chile | B74: 2004 | C74: 7.4 | E74: =IF(B74<=2011,IF(C74="","",C74),IF(D74="","",D74/10)) | F74: =IF(OR(B74<=2011,D74=""),"",D74) | G74: =IF(B74<=2011,IF(C74="","",Puente_CPI!$G$2+Puente_CPI!$G$3*C74),IF(D74="","",D74)) | H74: =A74&"|"&B74
A75: Chile | B75: 2005 | C75: 7.3 | E75: =IF(B75<=2011,IF(C75="","",C75),IF(D75="","",D75/10)) | F75: =IF(OR(B75<=2011,D75=""),"",D75) | G75: =IF(B75<=2011,IF(C75="","",Puente_CPI!$G$2+Puente_CPI!$G$3*C75),IF(D75="","",D75)) | H75: =A75&"|"&B75
A76: Chile | B76: 2006 | C76: 7.3 | E76: =IF(B76<=2011,IF(C76="","",C76),IF(D76="","",D76/10)) | F76: =IF(OR(B76<=2011,D76=""),"",D76) | G76: =IF(B76<=2011,IF(C76="","",Puente_CPI!$G$2+Puente_CPI!$G$3*C76),IF(D76="","",D76)) | H76: =A76&"|"&B76
A77: Chile | B77: 2007 | C77: 7 | E77: =IF(B77<=2011,IF(C77="","",C77),IF(D77="","",D77/10)) | F77: =IF(OR(B77<=2011,D77=""),"",D77) | G77: =IF(B77<=2011,IF(C77="","",Puente_CPI!$G$2+Puente_CPI!$G$3*C77),IF(D77="","",D77)) | H77: =A77&"|"&B77
... A81: Chile | B81: 2011 | C81: 7.214 | E81: =IF(B81<=2011,IF(C81="","",C81),IF(D81="","",D81/10)) | F81: =IF(OR(B81<=2011,D81=""),"",D81) | G81: =IF(B81<=2011,IF(C81="","",Puente_CPI!$G$2+Puente_CPI!$G$3*C81),IF(D81="","",D81)) | H81: =A81&"|"&B81
A82: Chile | B82: 2016 | D82: 66 | E82: =IF(B82<=2011,IF(C82="","",C82),IF(D82="","",D82/10)) | F82: =IF(OR(B82<=2011,D82=""),"",D82) | G82: =IF(B82<=2011,IF(C82="","",Puente_CPI!$G$2+Puente_CPI!$G$3*C82),IF(D82="","",D82)) | H82: =A82&"|"&B82
A83: Chile | B83: 2017 | D83: 67 | E83: =IF(B83<=2011,IF(C83="","",C83),IF(D83="","",D83/10)) | F83: =IF(OR(B83<=2011,D83=""),"",D83) | G83: =IF(B83<=2011,IF(C83="","",Puente_CPI!$G$2+Puente_CPI!$G$3*C83),IF(D83="","",D83)) | H83: =A83&"|"&B83
A84: Chile | B84: 2018 | D84: 67 | E84: =IF(B84<=2011,IF(C84="","",C84),IF(D84="","",D84/10)) | F84: =IF(OR(B84<=2011,D84=""),"",D84) | G84: =IF(B84<=2011,IF(C84="","",Puente_CPI!$G$2+Puente_CPI!$G$3*C84),IF(D84="","",D84)) | H84: =A84&"|"&B84
A85: Chile | B85: 2020 | D85: 67 | E85: =IF(B85<=2011,IF(C85="","",C85),IF(D85="","",D85/10)) | F85: =IF(OR(B85<=2011,D85=""),"",D85) | G85: =IF(B85<=2011,IF(C85="","",Puente_CPI!$G$2+Puente_CPI!$G$3*C85),IF(D85="","",D85)) | H85: =A85&"|"&B85
A86: Chile | B86: 2024 | D86: 63 | E86: =IF(B86<=2011,IF(C86="","",C86),IF(D86="","",D86/10)) | F86: =IF(OR(B86<=2011,D86=""),"",D86) | G86: =IF(B86<=2011,IF(C86="","",Puente_CPI!$G$2+Puente_CPI!$G$3*C86),IF(D86="","",D86)) | H86: =A86&"|"&B86
A87: Colombia | B87: 1996 | C87: 2.73 | E87: =IF(B87<=2011,IF(C87="","",C87),IF(D87="","",D87/10)) | F87: =IF(OR(B87<=2011,D87=""),"",D87) | G87: =IF(B87<=2011,IF(C87="","",Puente_CPI!$G$2+Puente_CPI!$G$3*C87),IF(D87="","",D87)) | H87: =A87&"|"&B87
A88: Colombia | B88: 1997 | C88: 2.23 | E88: =IF(B88<=2011,IF(C88="","",C88),IF(D88="","",D88/10)) | F88: =IF(OR(B88<=2011,D88=""),"",D88) | G88: =IF(B88<=2011,IF(C88="","",Puente_CPI!$G$2+Puente_CPI!$G$3*C88),IF(D88="","",D88)) | H88: =A88&"|"&B88
A89: Colombia | B89: 1998 | C89: 2.2 | E89: =IF(B89<=2011,IF(C89="","",C89),IF(D89="","",D89/10)) | F89: =IF(OR(B89<=2011,D89=""),"",D89) | G89: =IF(B89<=2011,IF(C89="","",Puente_CPI!$G$2+Puente_CPI!$G$3*C89),IF(D89="","",D89)) | H89: =A89&"|"&B89
A90: Colombia | B90: 2000 | C90: 3.2 | E90: =IF(B90<=2011,IF(C90="","",C90),IF(D90="","",D90/10)) | F90: =IF(OR(B90<=2011,D90=""),"",D90) | G90: =IF(B90<=2011,IF(C90="","",Puente_CPI!$G$2+Puente_CPI!$G$3*C90),IF(D90="","",D90)) | H90: =A90&"|"&B90
A91: Colombia | B91: 2001 | C91: 3.8 | E91: =IF(B91<=2011,IF(C91="","",C91),IF(D91="","",D91/10)) | F91: =IF(OR(B91<=2011,D91=""),"",D91) | G91: =IF(B91<=2011,IF(C91="","",Puente_CPI!$G$2+Puente_CPI!$G$3*C91),IF(D91="","",D91)) | H91: =A91&"|"&B91
A92: Colombia | B92: 2002 | C92: 3.6 | E92: =IF(B92<=2011,IF(C92="","",C92),IF(D92="","",D92/10)) | F92: =IF(OR(B92<=2011,D92=""),"",D92) | G92: =IF(B92<=2011,IF(C92="","",Puente_CPI!$G$2+Puente_CPI!$G$3*C92),IF(D92="","",D92)) | H92: =A92&"|"&B92
A93: Colombia | B93: 2003 | C93: 3.7 | E93: =IF(B93<=2011,IF(C93="","",C93),IF(D93="","",D93/10)) | F93: =IF(OR(B93<=2011,D93=""),"",D93) | G93: =IF(B93<=2011,IF(C93="","",Puente_CPI!$G$2+Puente_CPI!$G$3*C93),IF(D93="","",D93)) | H93: =A93&"|"&B93
A94: Colombia | B94: 2004 | C94: 3.8 | E94: =IF(B94<=2011,IF(C94="","",C94),IF(D94="","",D94/10)) | F94: =IF(OR(B94<=2011,D94=""),"",D94) | G94: =IF(B94<=2011,IF(C94="","",Puente_CPI!$G$2+Puente_CPI!$G$3*C94),IF(D94="","",D94)) | H94: =A94&"|"&B94
A95: Colombia | B95: 2005 | C95: 4 | E95: =IF(B95<=2011,IF(C95="","",C95),IF(D95="","",D95/10)) | F95: =IF(OR(B95<=2011,D95=""),"",D95) | G95: =IF(B95<=2011,IF(C95="","",Puente_CPI!$G$2+Puente_CPI!$G$3*C95),IF(D95="","",D95)) | H95: =A95&"|"&B95
A96: Colombia | B96: 2006 | C96: 3.9 | E96: =IF(B96<=2011,IF(C96="","",C96),IF(D96="","",D96/10)) | F96: =IF(OR(B96<=2011,D96=""),"",D96) | G96: =IF(B96<=2011,IF(C96="","",Puente_CPI!$G$2+Puente_CPI!$G$3*C96),IF(D96="","",D96)) | H96: =A96&"|"&B96
A97: Colombia | B97: 2007 | C97: 3.8 | E97: =IF(B97<=2011,IF(C97="","",C97),IF(D97="","",D97/10)) | F97: =IF(OR(B97<=2011,D97=""),"",D97) | G97: =IF(B97<=2011,IF(C97="","",Puente_CPI!$G$2+Puente_CPI!$G$3*C97),IF(D97="","",D97)) | H97: =A97&"|"&B97
A98: Colombia | B98: 2008 | C98: 3.8 | E98: =IF(B98<=2011,IF(C98="","",C98),IF(D98="","",D98/10)) | F98: =IF(OR(B98<=2011,D98=""),"",D98) | G98: =IF(B98<=2011,IF(C98="","",Puente_CPI!$G$2+Puente_CPI!$G$3*C98),IF(D98="","",D98)) | H98: =A98&"|"&B98
... A101: Colombia | B101: 2011 | C101: 3.447 | E101: =IF(B101<=2011,IF(C101="","",C101),IF(D101="","",D101/10)) | F101: =IF(OR(B101<=2011,D101=""),"",D101) | G101: =IF(B101<=2011,IF(C101="","",Puente_CPI!$G$2+Puente_CPI!$G$3*C101),IF(D101="","",D101)) | H101: =A101&"|"&B101
A102: Colombia | B102: 2016 | D102: 37 | E102: =IF(B102<=2011,IF(C102="","",C102),IF(D102="","",D102/10)) | F102: =IF(OR(B102<=2011,D102=""),"",D102) | G102: =IF(B102<=2011,IF(C102="","",Puente_CPI!$G$2+Puente_CPI!$G$3*C102),IF(D102="","",D102)) | H102: =A102&"|"&B102
A103: Colombia | B103: 2017 | D103: 37 | E103: =IF(B103<=2011,IF(C103="","",C103),IF(D103="","",D103/10)) | F103: =IF(OR(B103<=2011,D103=""),"",D103) | G103: =IF(B103<=2011,IF(C103="","",Puente_CPI!$G$2+Puente_CPI!$G$3*C103),IF(D103="","",D103)) | H103: =A103&"|"&B103
A104: Colombia | B104: 2018 | D104: 36 | E104: =IF(B104<=2011,IF(C104="","",C104),IF(D104="","",D104/10)) | F104: =IF(OR(B104<=2011,D104=""),"",D104) | G104: =IF(B104<=2011,IF(C104="","",Puente_CPI!$G$2+Puente_CPI!$G$3*C104),IF(D104="","",D104)) | H104: =A104&"|"&B104
A105: Colombia | B105: 2020 | D105: 39 | E105: =IF(B105<=2011,IF(C105="","",C105),IF(D105="","",D105/10)) | F105: =IF(OR(B105<=2011,D105=""),"",D105) | G105: =IF(B105<=2011,IF(C105="","",Puente_CPI!$G$2+Puente_CPI!$G$3*C105),IF(D105="","",D105)) | H105: =A105&"|"&B105
A106: Colombia | B106: 2024 | D106: 39 | E106: =IF(B106<=2011,IF(C106="","",C106),IF(D106="","",D106/10)) | F106: =IF(OR(B106<=2011,D106=""),"",D106) | G106: =IF(B106<=2011,IF(C106="","",Puente_CPI!$G$2+Puente_CPI!$G$3*C106),IF(D106="","",D106)) | H106: =A106&"|"&B106
A107: Costa Rica | B107: 1996 | E107: =IF(B107<=2011,IF(C107="","",C107),IF(D107="","",D107/10)) | F107: =IF(OR(B107<=2011,D107=""),"",D107) | G107: =IF(B107<=2011,IF(C107="","",Puente_CPI!$G$2+Puente_CPI!$G$3*C107),IF(D107="","",D107)) | H107: =A107&"|"&B107
A108: Costa Rica | B108: 1997 | C108: 6.45 | E108: =IF(B108<=2011,IF(C108="","",C108),IF(D108="","",D108/10)) | F108: =IF(OR(B108<=2011,D108=""),"",D108) | G108: =IF(B108<=2011,IF(C108="","",Puente_CPI!$G$2+Puente_CPI!$G$3*C108),IF(D108="","",D108)) | H108: =A108&"|"&B108
A109: Costa Rica | B109: 1998 | C109: 5.6 | E109: =IF(B109<=2011,IF(C109="","",C109),IF(D109="","",D109/10)) | F109: =IF(OR(B109<=2011,D109=""),"",D109) | G109: =IF(B109<=2011,IF(C109="","",Puente_CPI!$G$2+Puente_CPI!$G$3*C109),IF(D109="","",D109)) | H109: =A109&"|"&B109
A110: Costa Rica | B110: 2000 | C110: 5.4 | E110: =IF(B110<=2011,IF(C110="","",C110),IF(D110="","",D110/10)) | F110: =IF(OR(B110<=2011,D110=""),"",D110) | G110: =IF(B110<=2011,IF(C110="","",Puente_CPI!$G$2+Puente_CPI!$G$3*C110),IF(D110="","",D110)) | H110: =A110&"|"&B110
A111: Costa Rica | B111: 2001 | C111: 4.5 | E111: =IF(B111<=2011,IF(C111="","",C111),IF(D111="","",D111/10)) | F111: =IF(OR(B111<=2011,D111=""),"",D111) | G111: =IF(B111<=2011,IF(C111="","",Puente_CPI!$G$2+Puente_CPI!$G$3*C111),IF(D111="","",D111)) | H111: =A111&"|"&B111
A112: Costa Rica | B112: 2002 | C112: 4.5 | E112: =IF(B112<=2011,IF(C112="","",C112),IF(D112="","",D112/10)) | F112: =IF(OR(B112<=2011,D112=""),"",D112) | G112: =IF(B112<=2011,IF(C112="","",Puente_CPI!$G$2+Puente_CPI!$G$3*C112),IF(D112="","",D112)) | H112: =A112&"|"&B112
A113: Costa Rica | B113: 2003 | C113: 4.3 | E113: =IF(B113<=2011,IF(C113="","",C113),IF(D113="","",D113/10)) | F113: =IF(OR(B113<=2011,D113=""),"",D113) | G113: =IF(B113<=2011,IF(C113="","",Puente_CPI!$G$2+Puente_CPI!$G$3*C113),IF(D113="","",D113)) | H113: =A113&"|"&B113
...

Sheet Panel_A
A1: País | B1: Año | C1: Y: Apoyo democracia (A) | D1: X: Grupos poderosos (A) | E1: X: Gini | F1: X: CPI escala 0-10 (empalmado) | G1: X: CPI 0-100 (desde 2012) | H1: X: CPI 0-100 empalmado por regresión | I1: Completo con CPI 0-10 (1 = usar) | J1: Completo con CPI 0-100 (1 = usar) | K1: Completo con CPI regresión (1 = usar)
A2: Argentina | B2: 1995 | C2: =IF(Categorias!C3="","",Categorias!C3) | D2: =IF(Categorias!H3="","",Categorias!H3) | E2: =IFERROR(IF(INDEX(Gini!$C$2:$C$377,MATCH($A2&"|"&$B2,Gini!$E$2:$E$377,0))="","",INDEX(Gini!$C$2:$C$377,MATCH($A2&"|"&$B2,Gini!$E$2:$E$377,0))),"") | F2: =IFERROR(IF(INDEX(Corrupcion!$E$2:$E$377,MATCH($A2&"|"&$B2,Corrupcion!$H$2:$H$377,0))="","",INDEX(Corrupcion!$E$2:$E$377,MATCH($A2&"|"&$B2,Corrupcion!$H$2:$H$377,0))),"") | G2: =IFERROR(IF(INDEX(Corrupcion!$F$2:$F$377,MATCH($A2&"|"&$B2,Corrupcion!$H$2:$H$377,0))="","",INDEX(Corrupcion!$F$2:$F$377,MATCH($A2&"|"&$B2,Corrupcion!$H$2:$H$377,0))),"") | H2: =IFERROR(IF(INDEX(Corrupcion!$G$2:$G$377,MATCH($A2&"|"&$B2,Corrupcion!$H$2:$H$377,0))="","",INDEX(Corrupcion!$G$2:$G$377,MATCH($A2&"|"&$B2,Corrupcion!$H$2:$H$377,0))),"") | I2: =IF(COUNTBLANK(C2:E2)+COUNTBLANK(F2)=0,1,0) | J2: =IF(COUNTBLANK(C2:E2)+COUNTBLANK(G2)=0,1,0) | K2: =IF(COUNTBLANK(C2:E2)+COUNTBLANK(H2)=0,1,0)
A3: Argentina | B3: 1996 | C3: =IF(Categorias!C4="","",Categorias!C4) | D3: =IF(Categorias!H4="","",Categorias!H4) | E3: =IFERROR(IF(INDEX(Gini!$C$2:$C$377,MATCH($A3&"|"&$B3,Gini!$E$2:$E$377,0))="","",INDEX(Gini!$C$2:$C$377,MATCH($A3&"|"&$B3,Gini!$E$2:$E$377,0))),"") | F3: =IFERROR(IF(INDEX(Corrupcion!$E$2:$E$377,MATCH($A3&"|"&$B3,Corrupcion!$H$2:$H$377,0))="","",INDEX(Corrupcion!$E$2:$E$377,MATCH($A3&"|"&$B3,Corrupcion!$H$2:$H$377,0))),"") | G3: =IFERROR(IF(INDEX(Corrupcion!$F$2:$F$377,MATCH($A3&"|"&$B3,Corrupcion!$H$2:$H$377,0))="","",INDEX(Corrupcion!$F$2:$F$377,MATCH($A3&"|"&$B3,Corrupcion!$H$2:$H$377,0))),"") | H3: =IFERROR(IF(INDEX(Corrupcion!$G$2:$G$377,MATCH($A3&"|"&$B3,Corrupcion!$H$2:$H$377,0))="","",INDEX(Corrupcion!$G$2:$G$377,MATCH($A3&"|"&$B3,Corrupcion!$H$2:$H$377,0))),"") | I3: =IF(COUNTBLANK(C3:E3)+COUNTBLANK(F3)=0,1,0) | J3: =IF(COUNTBLANK(C3:E3)+COUNTBLANK(G3)=0,1,0) | K3: =IF(COUNTBLANK(C3:E3)+COUNTBLANK(H3)=0,1,0)
A4: Argentina | B4: 1997 | C4: =IF(Categorias!C5="","",Categorias!C5) | D4: =IF(Categorias!H5="","",Categorias!H5) | E4: =IFERROR(IF(INDEX(Gini!$C$2:$C$377,MATCH($A4&"|"&$B4,Gini!$E$2:$E$377,0))="","",INDEX(Gini!$C$2:$C$377,MATCH($A4&"|"&$B4,Gini!$E$2:$E$377,0))),"") | F4: =IFERROR(IF(INDEX(Corrupcion!$E$2:$E$377,MATCH($A4&"|"&$B4,Corrupcion!$H$2:$H$377,0))="","",INDEX(Corrupcion!$E$2:$E$377,MATCH($A4&"|"&$B4,Corrupcion!$H$2:$H$377,0))),"") | G4: =IFERROR(IF(INDEX(Corrupcion!$F$2:$F$377,MATCH($A4&"|"&$B4,Corrupcion!$H$2:$H$377,0))="","",INDEX(Corrupcion!$F$2:$F$377,MATCH($A4&"|"&$B4,Corrupcion!$H$2:$H$377,0))),"") | H4: =IFERROR(IF(INDEX(Corrupcion!$G$2:$G$377,MATCH($A4&"|"&$B4,Corrupcion!$H$2:$H$377,0))="","",INDEX(Corrupcion!$G$2:$G$377,MATCH($A4&"|"&$B4,Corrupcion!$H$2:$H$377,0))),"") | I4: =IF(COUNTBLANK(C4:E4)+COUNTBLANK(F4)=0,1,0) | J4: =IF(COUNTBLANK(C4:E4)+COUNTBLANK(G4)=0,1,0) | K4: =IF(COUNTBLANK(C4:E4)+COUNTBLANK(H4)=0,1,0)
A5: Argentina | B5: 1998 | C5: =IF(Categorias!C6="","",Categorias!C6) | D5: =IF(Categorias!H6="","",Categorias!H6) | E5: =IFERROR(IF(INDEX(Gini!$C$2:$C$377,MATCH($A5&"|"&$B5,Gini!$E$2:$E$377,0))="","",INDEX(Gini!$C$2:$C$377,MATCH($A5&"|"&$B5,Gini!$E$2:$E$377,0))),"") | F5: =IFERROR(IF(INDEX(Corrupcion!$E$2:$E$377,MATCH($A5&"|"&$B5,Corrupcion!$H$2:$H$377,0))="","",INDEX(Corrupcion!$E$2:$E$377,MATCH($A5&"|"&$B5,Corrupcion!$H$2:$H$377,0))),"") | G5: =IFERROR(IF(INDEX(Corrupcion!$F$2:$F$377,MATCH($A5&"|"&$B5,Corrupcion!$H$2:$H$377,0))="","",INDEX(Corrupcion!$F$2:$F$377,MATCH($A5&"|"&$B5,Corrupcion!$H$2:$H$377,0))),"") | H5: =IFERROR(IF(INDEX(Corrupcion!$G$2:$G$377,MATCH($A5&"|"&$B5,Corrupcion!$H$2:$H$377,0))="","",INDEX(Corrupcion!$G$2:$G$377,MATCH($A5&"|"&$B5,Corrupcion!$H$2:$H$377,0))),"") | I5: =IF(COUNTBLANK(C5:E5)+COUNTBLANK(F5)=0,1,0) | J5: =IF(COUNTBLANK(C5:E5)+COUNTBLANK(G5)=0,1,0) | K5: =IF(COUNTBLANK(C5:E5)+COUNTBLANK(H5)=0,1,0)
A6: Argentina | B6: 2000 | C6: =IF(Categorias!C7="","",Categorias!C7) | D6: =IF(Categorias!H7="","",Categorias!H7) | E6: =IFERROR(IF(INDEX(Gini!$C$2:$C$377,MATCH($A6&"|"&$B6,Gini!$E$2:$E$377,0))="","",INDEX(Gini!$C$2:$C$377,MATCH($A6&"|"&$B6,Gini!$E$2:$E$377,0))),"") | F6: =IFERROR(IF(INDEX(Corrupcion!$E$2:$E$377,MATCH($A6&"|"&$B6,Corrupcion!$H$2:$H$377,0))="","",INDEX(Corrupcion!$E$2:$E$377,MATCH($A6&"|"&$B6,Corrupcion!$H$2:$H$377,0))),"") | G6: =IFERROR(IF(INDEX(Corrupcion!$F$2:$F$377,MATCH($A6&"|"&$B6,Corrupcion!$H$2:$H$377,0))="","",INDEX(Corrupcion!$F$2:$F$377,MATCH($A6&"|"&$B6,Corrupcion!$H$2:$H$377,0))),"") | H6: =IFERROR(IF(INDEX(Corrupcion!$G$2:$G$377,MATCH($A6&"|"&$B6,Corrupcion!$H$2:$H$377,0))="","",INDEX(Corrupcion!$G$2:$G$377,MATCH($A6&"|"&$B6,Corrupcion!$H$2:$H$377,0))),"") | I6: =IF(COUNTBLANK(C6:E6)+COUNTBLANK(F6)=0,1,0) | J6: =IF(COUNTBLANK(C6:E6)+COUNTBLANK(G6)=0,1,0) | K6: =IF(COUNTBLANK(C6:E6)+COUNTBLANK(H6)=0,1,0)
A7: Argentina | B7: 2001 | C7: =IF(Categorias!C8="","",Categorias!C8) | D7: =IF(Categorias!H8="","",Categorias!H8) | E7: =IFERROR(IF(INDEX(Gini!$C$2:$C$377,MATCH($A7&"|"&$B7,Gini!$E$2:$E$377,0))="","",INDEX(Gini!$C$2:$C$377,MATCH($A7&"|"&$B7,Gini!$E$2:$E$377,0))),"") | F7: =IFERROR(IF(INDEX(Corrupcion!$E$2:$E$377,MATCH($A7&"|"&$B7,Corrupcion!$H$2:$H$377,0))="","",INDEX(Corrupcion!$E$2:$E$377,MATCH($A7&"|"&$B7,Corrupcion!$H$2:$H$377,0))),"") | G7: =IFERROR(IF(INDEX(Corrupcion!$F$2:$F$377,MATCH($A7&"|"&$B7,Corrupcion!$H$2:$H$377,0))="","",INDEX(Corrupcion!$F$2:$F$377,MATCH($A7&"|"&$B7,Corrupcion!$H$2:$H$377,0))),"") | H7: =IFERROR(IF(INDEX(Corrupcion!$G$2:$G$377,MATCH($A7&"|"&$B7,Corrupcion!$H$2:$H$377,0))="","",INDEX(Corrupcion!$G$2:$G$377,MATCH($A7&"|"&$B7,Corrupcion!$H$2:$H$377,0))),"") | I7: =IF(COUNTBLANK(C7:E7)+COUNTBLANK(F7)=0,1,0) | J7: =IF(COUNTBLANK(C7:E7)+COUNTBLANK(G7)=0,1,0) | K7: =IF(COUNTBLANK(C7:E7)+COUNTBLANK(H7)=0,1,0)
A8: Argentina | B8: 2002 | C8: =IF(Categorias!C9="","",Categorias!C9) | D8: =IF(Categorias!H9="","",Categorias!H9) | E8: =IFERROR(IF(INDEX(Gini!$C$2:$C$377,MATCH($A8&"|"&$B8,Gini!$E$2:$E$377,0))="","",INDEX(Gini!$C$2:$C$377,MATCH($A8&"|"&$B8,Gini!$E$2:$E$377,0))),"") | F8: =IFERROR(IF(INDEX(Corrupcion!$E$2:$E$377,MATCH($A8&"|"&$B8,Corrupcion!$H$2:$H$377,0))="","",INDEX(Corrupcion!$E$2:$E$377,MATCH($A8&"|"&$B8,Corrupcion!$H$2:$H$377,0))),"") | G8: =IFERROR(IF(INDEX(Corrupcion!$F$2:$F$377,MATCH($A8&"|"&$B8,Corrupcion!$H$2:$H$377,0))="","",INDEX(Corrupcion!$F$2:$F$377,MATCH($A8&"|"&$B8,Corrupcion!$H$2:$H$377,0))),"") | H8: =IFERROR(IF(INDEX(Corrupcion!$G$2:$G$377,MATCH($A8&"|"&$B8,Corrupcion!$H$2:$H$377,0))="","",INDEX(Corrupcion!$G$2:$G$377,MATCH($A8&"|"&$B8,Corrupcion!$H$2:$H$377,0))),"") | I8: =IF(COUNTBLANK(C8:E8)+COUNTBLANK(F8)=0,1,0) | J8: =IF(COUNTBLANK(C8:E8)+COUNTBLANK(G8)=0,1,0) | K8: =IF(COUNTBLANK(C8:E8)+COUNTBLANK(H8)=0,1,0)
A9: Argentina | B9: 2003 | C9: =IF(Categorias!C10="","",Categorias!C10) | D9: =IF(Categorias!H10="","",Categorias!H10) | E9: =IFERROR(IF(INDEX(Gini!$C$2:$C$377,MATCH($A9&"|"&$B9,Gini!$E$2:$E$377,0))="","",INDEX(Gini!$C$2:$C$377,MATCH($A9&"|"&$B9,Gini!$E$2:$E$377,0))),"") | F9: =IFERROR(IF(INDEX(Corrupcion!$E$2:$E$377,MATCH($A9&"|"&$B9,Corrupcion!$H$2:$H$377,0))="","",INDEX(Corrupcion!$E$2:$E$377,MATCH($A9&"|"&$B9,Corrupcion!$H$2:$H$377,0))),"") | G9: =IFERROR(IF(INDEX(Corrupcion!$F$2:$F$377,MATCH($A9&"|"&$B9,Corrupcion!$H$2:$H$377,0))="","",INDEX(Corrupcion!$F$2:$F$377,MATCH($A9&"|"&$B9,Corrupcion!$H$2:$H$377,0))),"") | H9: =IFERROR(IF(INDEX(Corrupcion!$G$2:$G$377,MATCH($A9&"|"&$B9,Corrupcion!$H$2:$H$377,0))="","",INDEX(Corrupcion!$G$2:$G$377,MATCH($A9&"|"&$B9,Corrupcion!$H$2:$H$377,0))),"") | I9: =IF(COUNTBLANK(C9:E9)+COUNTBLANK(F9)=0,1,0) | J9: =IF(COUNTBLANK(C9:E9)+COUNTBLANK(G9)=0,1,0) | K9: =IF(COUNTBLANK(C9:E9)+COUNTBLANK(H9)=0,1,0)
A10: Argentina | B10: 2004 | C10: =IF(Categorias!C11="","",Categorias!C11) | D10: =IF(Categorias!H11="","",Categorias!H11) | E10: =IFERROR(IF(INDEX(Gini!$C$2:$C$377,MATCH($A10&"|"&$B10,Gini!$E$2:$E$377,0))="","",INDEX(Gini!$C$2:$C$377,MATCH($A10&"|"&$B10,Gini!$E$2:$E$377,0))),"") | F10: =IFERROR(IF(INDEX(Corrupcion!$E$2:$E$377,MATCH($A10&"|"&$B10,Corrupcion!$H$2:$H$377,0))="","",INDEX(Corrupcion!$E$2:$E$377,MATCH($A10&"|"&$B10,Corrupcion!$H$2:$H$377,0))),"") | G10: =IFERROR(IF(INDEX(Corrupcion!$F$2:$F$377,MATCH($A10&"|"&$B10,Corrupcion!$H$2:$H$377,0))="","",INDEX(Corrupcion!$F$2:$F$377,MATCH($A10&"|"&$B10,Corrupcion!$H$2:$H$377,0))),"") | H10: =IFERROR(IF(INDEX(Corrupcion!$G$2:$G$377,MATCH($A10&"|"&$B10,Corrupcion!$H$2:$H$377,0))="","",INDEX(Corrupcion!$G$2:$G$377,MATCH($A10&"|"&$B10,Corrupcion!$H$2:$H$377,0))),"") | I10: =IF(COUNTBLANK(C10:E10)+COUNTBLANK(F10)=0,1,0) | J10: =IF(COUNTBLANK(C10:E10)+COUNTBLANK(G10)=0,1,0) | K10: =IF(COUNTBLANK(C10:E10)+COUNTBLANK(H10)=0,1,0)
A11: Argentina | B11: 2005 | C11: =IF(Categorias!C12="","",Categorias!C12) | D11: =IF(Categorias!H12="","",Categorias!H12) | E11: =IFERROR(IF(INDEX(Gini!$C$2:$C$377,MATCH($A11&"|"&$B11,Gini!$E$2:$E$377,0))="","",INDEX(Gini!$C$2:$C$377,MATCH($A11&"|"&$B11,Gini!$E$2:$E$377,0))),"") | F11: =IFERROR(IF(INDEX(Corrupcion!$E$2:$E$377,MATCH($A11&"|"&$B11,Corrupcion!$H$2:$H$377,0))="","",INDEX(Corrupcion!$E$2:$E$377,MATCH($A11&"|"&$B11,Corrupcion!$H$2:$H$377,0))),"") | G11: =IFERROR(IF(INDEX(Corrupcion!$F$2:$F$377,MATCH($A11&"|"&$B11,Corrupcion!$H$2:$H$377,0))="","",INDEX(Corrupcion!$F$2:$F$377,MATCH($A11&"|"&$B11,Corrupcion!$H$2:$H$377,0))),"") | H11: =IFERROR(IF(INDEX(Corrupcion!$G$2:$G$377,MATCH($A11&"|"&$B11,Corrupcion!$H$2:$H$377,0))="","",INDEX(Corrupcion!$G$2:$G$377,MATCH($A11&"|"&$B11,Corrupcion!$H$2:$H$377,0))),"") | I11: =IF(COUNTBLANK(C11:E11)+COUNTBLANK(F11)=0,1,0) | J11: =IF(COUNTBLANK(C11:E11)+COUNTBLANK(G11)=0,1,0) | K11: =IF(COUNTBLANK(C11:E11)+COUNTBLANK(H11)=0,1,0)
A12: Argentina | B12: 2006 | C12: =IF(Categorias!C13="","",Categorias!C13) | D12: =IF(Categorias!H13="","",Categorias!H13) | E12: =IFERROR(IF(INDEX(Gini!$C$2:$C$377,MATCH($A12&"|"&$B12,Gini!$E$2:$E$377,0))="","",INDEX(Gini!$C$2:$C$377,MATCH($A12&"|"&$B12,Gini!$E$2:$E$377,0))),"") | F12: =IFERROR(IF(INDEX(Corrupcion!$E$2:$E$377,MATCH($A12&"|"&$B12,Corrupcion!$H$2:$H$377,0))="","",INDEX(Corrupcion!$E$2:$E$377,MATCH($A12&"|"&$B12,Corrupcion!$H$2:$H$377,0))),"") | G12: =IFERROR(IF(INDEX(Corrupcion!$F$2:$F$377,MATCH($A12&"|"&$B12,Corrupcion!$H$2:$H$377,0))="","",INDEX(Corrupcion!$F$2:$F$377,MATCH($A12&"|"&$B12,Corrupcion!$H$2:$H$377,0))),"") | H12: =IFERROR(IF(INDEX(Corrupcion!$G$2:$G$377,MATCH($A12&"|"&$B12,Corrupcion!$H$2:$H$377,0))="","",INDEX(Corrupcion!$G$2:$G$377,MATCH($A12&"|"&$B12,Corrupcion!$H$2:$H$377,0))),"") | I12: =IF(COUNTBLANK(C12:E12)+COUNTBLANK(F12)=0,1,0) | J12: =IF(COUNTBLANK(C12:E12)+COUNTBLANK(G12)=0,1,0) | K12: =IF(COUNTBLANK(C12:E12)+COUNTBLANK(H12)=0,1,0)
A13: Argentina | B13: 2007 | C13: =IF(Categorias!C14="","",Categorias!C14) | D13: =IF(Categorias!H14="","",Categorias!H14) | E13: =IFERROR(IF(INDEX(Gini!$C$2:$C$377,MATCH($A13&"|"&$B13,Gini!$E$2:$E$377,0))="","",INDEX(Gini!$C$2:$C$377,MATCH($A13&"|"&$B13,Gini!$E$2:$E$377,0))),"") | F13: =IFERROR(IF(INDEX(Corrupcion!$E$2:$E$377,MATCH($A13&"|"&$B13,Corrupcion!$H$2:$H$377,0))="","",INDEX(Corrupcion!$E$2:$E$377,MATCH($A13&"|"&$B13,Corrupcion!$H$2:$H$377,0))),"") | G13: =IFERROR(IF(INDEX(Corrupcion!$F$2:$F$377,MATCH($A13&"|"&$B13,Corrupcion!$H$2:$H$377,0))="","",INDEX(Corrupcion!$F$2:$F$377,MATCH($A13&"|"&$B13,Corrupcion!$H$2:$H$377,0))),"") | H13: =IFERROR(IF(INDEX(Corrupcion!$G$2:$G$377,MATCH($A13&"|"&$B13,Corrupcion!$H$2:$H$377,0))="","",INDEX(Corrupcion!$G$2:$G$377,MATCH($A13&"|"&$B13,Corrupcion!$H$2:$H$377,0))),"") | I13: =IF(COUNTBLANK(C13:E13)+COUNTBLANK(F13)=0,1,0) | J13: =IF(COUNTBLANK(C13:E13)+COUNTBLANK(G13)=0,1,0) | K13: =IF(COUNTBLANK(C13:E13)+COUNTBLANK(H13)=0,1,0)
... A377: Venezuela | B377: 2024 | C377: =IF(Categorias!C378="","",Categorias!C378) | D377: =IF(Categorias!H378="","",Categorias!H378) | E377: =IFERROR(IF(INDEX(Gini!$C$2:$C$377,MATCH($A377&"|"&$B377,Gini!$E$2:$E$377,0))="","",INDEX(Gini!$C$2:$C$377,MATCH($A377&"|"&$B377,Gini!$E$2:$E$377,0))),"") | F377: =IFERROR(IF(INDEX(Corrupcion!$E$2:$E$377,MATCH($A377&"|"&$B377,Corrupcion!$H$2:$H$377,0))="","",INDEX(Corrupcion!$E$2:$E$377,MATCH($A377&"|"&$B377,Corrupcion!$H$2:$H$377,0))),"") | G377: =IFERROR(IF(INDEX(Corrupcion!$F$2:$F$377,MATCH($A377&"|"&$B377,Corrupcion!$H$2:$H$377,0))="","",INDEX(Corrupcion!$F$2:$F$377,MATCH($A377&"|"&$B377,Corrupcion!$H$2:$H$377,0))),"") | H377: =IFERROR(IF(INDEX(Corrupcion!$G$2:$G$377,MATCH($A377&"|"&$B377,Corrupcion!$H$2:$H$377,0))="","",INDEX(Corrupcion!$G$2:$G$377,MATCH($A377&"|"&$B377,Corrupcion!$H$2:$H$377,0))),"") | I377: =IF(COUNTBLANK(C377:E377)+COUNTBLANK(F377)=0,1,0) | J377: =IF(COUNTBLANK(C377:E377)+COUNTBLANK(G377)=0,1,0) | K377: =IF(COUNTBLANK(C377:E377)+COUNTBLANK(H377)=0,1,0)

Sheet Panel_B
A1: País | B1: Año | C1: Y: Apoyo democracia (B) | D1: X: Grupos poderosos (B) | E1: X: Gini | F1: X: CPI escala 0-10 (empalmado) | G1: X: CPI 0-100 (desde 2012) | H1: X: CPI 0-100 empalmado por regresión | I1: Completo con CPI 0-10 (1 = usar) | J1: Completo con CPI 0-100 (1 = usar) | K1: Completo con CPI regresión (1 = usar)
A2: Argentina | B2: 1995 | C2: =IF(Categorias!C3="","",Categorias!C3/(N(Categorias!C3)+N(Categorias!D3)+N(Categorias!E3))) | D2: =IF(Categorias!H3="","",Categorias!H3/(N(Categorias!H3)+N(Categorias!I3))) | E2: =IFERROR(IF(INDEX(Gini!$C$2:$C$377,MATCH($A2&"|"&$B2,Gini!$E$2:$E$377,0))="","",INDEX(Gini!$C$2:$C$377,MATCH($A2&"|"&$B2,Gini!$E$2:$E$377,0))),"") | F2: =IFERROR(IF(INDEX(Corrupcion!$E$2:$E$377,MATCH($A2&"|"&$B2,Corrupcion!$H$2:$H$377,0))="","",INDEX(Corrupcion!$E$2:$E$377,MATCH($A2&"|"&$B2,Corrupcion!$H$2:$H$377,0))),"") | G2: =IFERROR(IF(INDEX(Corrupcion!$F$2:$F$377,MATCH($A2&"|"&$B2,Corrupcion!$H$2:$H$377,0))="","",INDEX(Corrupcion!$F$2:$F$377,MATCH($A2&"|"&$B2,Corrupcion!$H$2:$H$377,0))),"") | H2: =IFERROR(IF(INDEX(Corrupcion!$G$2:$G$377,MATCH($A2&"|"&$B2,Corrupcion!$H$2:$H$377,0))="","",INDEX(Corrupcion!$G$2:$G$377,MATCH($A2&"|"&$B2,Corrupcion!$H$2:$H$377,0))),"") | I2: =IF(COUNTBLANK(C2:E2)+COUNTBLANK(F2)=0,1,0) | J2: =IF(COUNTBLANK(C2:E2)+COUNTBLANK(G2)=0,1,0) | K2: =IF(COUNTBLANK(C2:E2)+COUNTBLANK(H2)=0,1,0)
A3: Argentina | B3: 1996 | C3: =IF(Categorias!C4="","",Categorias!C4/(N(Categorias!C4)+N(Categorias!D4)+N(Categorias!E4))) | D3: =IF(Categorias!H4="","",Categorias!H4/(N(Categorias!H4)+N(Categorias!I4))) | E3: =IFERROR(IF(INDEX(Gini!$C$2:$C$377,MATCH($A3&"|"&$B3,Gini!$E$2:$E$377,0))="","",INDEX(Gini!$C$2:$C$377,MATCH($A3&"|"&$B3,Gini!$E$2:$E$377,0))),"") | F3: =IFERROR(IF(INDEX(Corrupcion!$E$2:$E$377,MATCH($A3&"|"&$B3,Corrupcion!$H$2:$H$377,0))="","",INDEX(Corrupcion!$E$2:$E$377,MATCH($A3&"|"&$B3,Corrupcion!$H$2:$H$377,0))),"") | G3: =IFERROR(IF(INDEX(Corrupcion!$F$2:$F$377,MATCH($A3&"|"&$B3,Corrupcion!$H$2:$H$377,0))="","",INDEX(Corrupcion!$F$2:$F$377,MATCH($A3&"|"&$B3,Corrupcion!$H$2:$H$377,0))),"") | H3: =IFERROR(IF(INDEX(Corrupcion!$G$2:$G$377,MATCH($A3&"|"&$B3,Corrupcion!$H$2:$H$377,0))="","",INDEX(Corrupcion!$G$2:$G$377,MATCH($A3&"|"&$B3,Corrupcion!$H$2:$H$377,0))),"") | I3: =IF(COUNTBLANK(C3:E3)+COUNTBLANK(F3)=0,1,0) | J3: =IF(COUNTBLANK(C3:E3)+COUNTBLANK(G3)=0,1,0) | K3: =IF(COUNTBLANK(C3:E3)+COUNTBLANK(H3)=0,1,0)
A4: Argentina | B4: 1997 | C4: =IF(Categorias!C5="","",Categorias!C5/(N(Categorias!C5)+N(Categorias!D5)+N(Categorias!E5))) | D4: =IF(Categorias!H5="","",Categorias!H5/(N(Categorias!H5)+N(Categorias!I5))) | E4: =IFERROR(IF(INDEX(Gini!$C$2:$C$377,MATCH($A4&"|"&$B4,Gini!$E$2:$E$377,0))="","",INDEX(Gini!$C$2:$C$377,MATCH($A4&"|"&$B4,Gini!$E$2:$E$377,0))),"") | F4: =IFERROR(IF(INDEX(Corrupcion!$E$2:$E$377,MATCH($A4&"|"&$B4,Corrupcion!$H$2:$H$377,0))="","",INDEX(Corrupcion!$E$2:$E$377,MATCH($A4&"|"&$B4,Corrupcion!$H$2:$H$377,0))),"") | G4: =IFERROR(IF(INDEX(Corrupcion!$F$2:$F$377,MATCH($A4&"|"&$B4,Corrupcion!$H$2:$H$377,0))="","",INDEX(Corrupcion!$F$2:$F$377,MATCH($A4&"|"&$B4,Corrupcion!$H$2:$H$377,0))),"") | H4: =IFERROR(IF(INDEX(Corrupcion!$G$2:$G$377,MATCH($A4&"|"&$B4,Corrupcion!$H$2:$H$377,0))="","",INDEX(Corrupcion!$G$2:$G$377,MATCH($A4&"|"&$B4,Corrupcion!$H$2:$H$377,0))),"") | I4: =IF(COUNTBLANK(C4:E4)+COUNTBLANK(F4)=0,1,0) | J4: =IF(COUNTBLANK(C4:E4)+COUNTBLANK(G4)=0,1,0) | K4: =IF(COUNTBLANK(C4:E4)+COUNTBLANK(H4)=0,1,0)
A5: Argentina | B5: 1998 | C5: =IF(Categorias!C6="","",Categorias!C6/(N(Categorias!C6)+N(Categorias!D6)+N(Categorias!E6))) | D5: =IF(Categorias!H6="","",Categorias!H6/(N(Categorias!H6)+N(Categorias!I6))) | E5: =IFERROR(IF(INDEX(Gini!$C$2:$C$377,MATCH($A5&"|"&$B5,Gini!$E$2:$E$377,0))="","",INDEX(Gini!$C$2:$C$377,MATCH($A5&"|"&$B5,Gini!$E$2:$E$377,0))),"") | F5: =IFERROR(IF(INDEX(Corrupcion!$E$2:$E$377,MATCH($A5&"|"&$B5,Corrupcion!$H$2:$H$377,0))="","",INDEX(Corrupcion!$E$2:$E$377,MATCH($A5&"|"&$B5,Corrupcion!$H$2:$H$377,0))),"") | G5: =IFERROR(IF(INDEX(Corrupcion!$F$2:$F$377,MATCH($A5&"|"&$B5,Corrupcion!$H$2:$H$377,0))="","",INDEX(Corrupcion!$F$2:$F$377,MATCH($A5&"|"&$B5,Corrupcion!$H$2:$H$377,0))),"") | H5: =IFERROR(IF(INDEX(Corrupcion!$G$2:$G$377,MATCH($A5&"|"&$B5,Corrupcion!$H$2:$H$377,0))="","",INDEX(Corrupcion!$G$2:$G$377,MATCH($A5&"|"&$B5,Corrupcion!$H$2:$H$377,0))),"") | I5: =IF(COUNTBLANK(C5:E5)+COUNTBLANK(F5)=0,1,0) | J5: =IF(COUNTBLANK(C5:E5)+COUNTBLANK(G5)=0,1,0) | K5: =IF(COUNTBLANK(C5:E5)+COUNTBLANK(H5)=0,1,0)
A6: Argentina | B6: 2000 | C6: =IF(Categorias!C7="","",Categorias!C7/(N(Categorias!C7)+N(Categorias!D7)+N(Categorias!E7))) | D6: =IF(Categorias!H7="","",Categorias!H7/(N(Categorias!H7)+N(Categorias!I7))) | E6: =IFERROR(IF(INDEX(Gini!$C$2:$C$377,MATCH($A6&"|"&$B6,Gini!$E$2:$E$377,0))="","",INDEX(Gini!$C$2:$C$377,MATCH($A6&"|"&$B6,Gini!$E$2:$E$377,0))),"") | F6: =IFERROR(IF(INDEX(Corrupcion!$E$2:$E$377,MATCH($A6&"|"&$B6,Corrupcion!$H$2:$H$377,0))="","",INDEX(Corrupcion!$E$2:$E$377,MATCH($A6&"|"&$B6,Corrupcion!$H$2:$H$377,0))),"") | G6: =IFERROR(IF(INDEX(Corrupcion!$F$2:$F$377,MATCH($A6&"|"&$B6,Corrupcion!$H$2:$H$377,0))="","",INDEX(Corrupcion!$F$2:$F$377,MATCH($A6&"|"&$B6,Corrupcion!$H$2:$H$377,0))),"") | H6: =IFERROR(IF(INDEX(Corrupcion!$G$2:$G$377,MATCH($A6&"|"&$B6,Corrupcion!$H$2:$H$377,0))="","",INDEX(Corrupcion!$G$2:$G$377,MATCH($A6&"|"&$B6,Corrupcion!$H$2:$H$377,0))),"") | I6: =IF(COUNTBLANK(C6:E6)+COUNTBLANK(F6)=0,1,0) | J6: =IF(COUNTBLANK(C6:E6)+COUNTBLANK(G6)=0,1,0) | K6: =IF(COUNTBLANK(C6:E6)+COUNTBLANK(H6)=0,1,0)
A7: Argentina | B7: 2001 | C7: =IF(Categorias!C8="","",Categorias!C8/(N(Categorias!C8)+N(Categorias!D8)+N(Categorias!E8))) | D7: =IF(Categorias!H8="","",Categorias!H8/(N(Categorias!H8)+N(Categorias!I8))) | E7: =IFERROR(IF(INDEX(Gini!$C$2:$C$377,MATCH($A7&"|"&$B7,Gini!$E$2:$E$377,0))="","",INDEX(Gini!$C$2:$C$377,MATCH($A7&"|"&$B7,Gini!$E$2:$E$377,0))),"") | F7: =IFERROR(IF(INDEX(Corrupcion!$E$2:$E$377,MATCH($A7&"|"&$B7,Corrupcion!$H$2:$H$377,0))="","",INDEX(Corrupcion!$E$2:$E$377,MATCH($A7&"|"&$B7,Corrupcion!$H$2:$H$377,0))),"") | G7: =IFERROR(IF(INDEX(Corrupcion!$F$2:$F$377,MATCH($A7&"|"&$B7,Corrupcion!$H$2:$H$377,0))="","",INDEX(Corrupcion!$F$2:$F$377,MATCH($A7&"|"&$B7,Corrupcion!$H$2:$H$377,0))),"") | H7: =IFERROR(IF(INDEX(Corrupcion!$G$2:$G$377,MATCH($A7&"|"&$B7,Corrupcion!$H$2:$H$377,0))="","",INDEX(Corrupcion!$G$2:$G$377,MATCH($A7&"|"&$B7,Corrupcion!$H$2:$H$377,0))),"") | I7: =IF(COUNTBLANK(C7:E7)+COUNTBLANK(F7)=0,1,0) | J7: =IF(COUNTBLANK(C7:E7)+COUNTBLANK(G7)=0,1,0) | K7: =IF(COUNTBLANK(C7:E7)+COUNTBLANK(H7)=0,1,0)
A8: Argentina | B8: 2002 | C8: =IF(Categorias!C9="","",Categorias!C9/(N(Categorias!C9)+N(Categorias!D9)+N(Categorias!E9))) | D8: =IF(Categorias!H9="","",Categorias!H9/(N(Categorias!H9)+N(Categorias!I9))) | E8: =IFERROR(IF(INDEX(Gini!$C$2:$C$377,MATCH($A8&"|"&$B8,Gini!$E$2:$E$377,0))="","",INDEX(Gini!$C$2:$C$377,MATCH($A8&"|"&$B8,Gini!$E$2:$E$377,0))),"") | F8: =IFERROR(IF(INDEX(Corrupcion!$E$2:$E$377,MATCH($A8&"|"&$B8,Corrupcion!$H$2:$H$377,0))="","",INDEX(Corrupcion!$E$2:$E$377,MATCH($A8&"|"&$B8,Corrupcion!$H$2:$H$377,0))),"") | G8: =IFERROR(IF(INDEX(Corrupcion!$F$2:$F$377,MATCH($A8&"|"&$B8,Corrupcion!$H$2:$H$377,0))="","",INDEX(Corrupcion!$F$2:$F$377,MATCH($A8&"|"&$B8,Corrupcion!$H$2:$H$377,0))),"") | H8: =IFERROR(IF(INDEX(Corrupcion!$G$2:$G$377,MATCH($A8&"|"&$B8,Corrupcion!$H$2:$H$377,0))="","",INDEX(Corrupcion!$G$2:$G$377,MATCH($A8&"|"&$B8,Corrupcion!$H$2:$H$377,0))),"") | I8: =IF(COUNTBLANK(C8:E8)+COUNTBLANK(F8)=0,1,0) | J8: =IF(COUNTBLANK(C8:E8)+COUNTBLANK(G8)=0,1,0) | K8: =IF(COUNTBLANK(C8:E8)+COUNTBLANK(H8)=0,1,0)
A9: Argentina | B9: 2003 | C9: =IF(Categorias!C10="","",Categorias!C10/(N(Categorias!C10)+N(Categorias!D10)+N(Categorias!E10))) | D9: =IF(Categorias!H10="","",Categorias!H10/(N(Categorias!H10)+N(Categorias!I10))) | E9: =IFERROR(IF(INDEX(Gini!$C$2:$C$377,MATCH($A9&"|"&$B9,Gini!$E$2:$E$377,0))="","",INDEX(Gini!$C$2:$C$377,MATCH($A9&"|"&$B9,Gini!$E$2:$E$377,0))),"") | F9: =IFERROR(IF(INDEX(Corrupcion!$E$2:$E$377,MATCH($A9&"|"&$B9,Corrupcion!$H$2:$H$377,0))="","",INDEX(Corrupcion!$E$2:$E$377,MATCH($A9&"|"&$B9,Corrupcion!$H$2:$H$377,0))),"") | G9: =IFERROR(IF(INDEX(Corrupcion!$F$2:$F$377,MATCH($A9&"|"&$B9,Corrupcion!$H$2:$H$377,0))="","",INDEX(Corrupcion!$F$2:$F$377,MATCH($A9&"|"&$B9,Corrupcion!$H$2:$H$377,0))),"") | H9: =IFERROR(IF(INDEX(Corrupcion!$G$2:$G$377,MATCH($A9&"|"&$B9,Corrupcion!$H$2:$H$377,0))="","",INDEX(Corrupcion!$G$2:$G$377,MATCH($A9&"|"&$B9,Corrupcion!$H$2:$H$377,0))),"") | I9: =IF(COUNTBLANK(C9:E9)+COUNTBLANK(F9)=0,1,0) | J9: =IF(COUNTBLANK(C9:E9)+COUNTBLANK(G9)=0,1,0) | K9: =IF(COUNTBLANK(C9:E9)+COUNTBLANK(H9)=0,1,0)
A10: Argentina | B10: 2004 | C10: =IF(Categorias!C11="","",Categorias!C11/(N(Categorias!C11)+N(Categorias!D11)+N(Categorias!E11))) | D10: =IF(Categorias!H11="","",Categorias!H11/(N(Categorias!H11)+N(Categorias!I11))) | E10: =IFERROR(IF(INDEX(Gini!$C$2:$C$377,MATCH($A10&"|"&$B10,Gini!$E$2:$E$377,0))="","",INDEX(Gini!$C$2:$C$377,MATCH($A10&"|"&$B10,Gini!$E$2:$E$377,0))),"") | F10: =IFERROR(IF(INDEX(Corrupcion!$E$2:$E$377,MATCH($A10&"|"&$B10,Corrupcion!$H$2:$H$377,0))="","",INDEX(Corrupcion!$E$2:$E$377,MATCH($A10&"|"&$B10,Corrupcion!$H$2:$H$377,0))),"") | G10: =IFERROR(IF(INDEX(Corrupcion!$F$2:$F$377,MATCH($A10&"|"&$B10,Corrupcion!$H$2:$H$377,0))="","",INDEX(Corrupcion!$F$2:$F$377,MATCH($A10&"|"&$B10,Corrupcion!$H$2:$H$377,0))),"") | H10: =IFERROR(IF(INDEX(Corrupcion!$G$2:$G$377,MATCH($A10&"|"&$B10,Corrupcion!$H$2:$H$377,0))="","",INDEX(Corrupcion!$G$2:$G$377,MATCH($A10&"|"&$B10,Corrupcion!$H$2:$H$377,0))),"") | I10: =IF(COUNTBLANK(C10:E10)+COUNTBLANK(F10)=0,1,0) | J10: =IF(COUNTBLANK(C10:E10)+COUNTBLANK(G10)=0,1,0) | K10: =IF(COUNTBLANK(C10:E10)+COUNTBLANK(H10)=0,1,0)
A11: Argentina | B11: 2005 | C11: =IF(Categorias!C12="","",Categorias!C12/(N(Categorias!C12)+N(Categorias!D12)+N(Categorias!E12))) | D11: =IF(Categorias!H12="","",Categorias!H12/(N(Categorias!H12)+N(Categorias!I12))) | E11: =IFERROR(IF(INDEX(Gini!$C$2:$C$377,MATCH($A11&"|"&$B11,Gini!$E$2:$E$377,0))="","",INDEX(Gini!$C$2:$C$377,MATCH($A11&"|"&$B11,Gini!$E$2:$E$377,0))),"") | F11: =IFERROR(IF(INDEX(Corrupcion!$E$2:$E$377,MATCH($A11&"|"&$B11,Corrupcion!$H$2:$H$377,0))="","",INDEX(Corrupcion!$E$2:$E$377,MATCH($A11&"|"&$B11,Corrupcion!$H$2:$H$377,0))),"") | G11: =IFERROR(IF(INDEX(Corrupcion!$F$2:$F$377,MATCH($A11&"|"&$B11,Corrupcion!$H$2:$H$377,0))="","",INDEX(Corrupcion!$F$2:$F$377,MATCH($A11&"|"&$B11,Corrupcion!$H$2:$H$377,0))),"") | H11: =IFERROR(IF(INDEX(Corrupcion!$G$2:$G$377,MATCH($A11&"|"&$B11,Corrupcion!$H$2:$H$377,0))="","",INDEX(Corrupcion!$G$2:$G$377,MATCH($A11&"|"&$B11,Corrupcion!$H$2:$H$377,0))),"") | I11: =IF(COUNTBLANK(C11:E11)+COUNTBLANK(F11)=0,1,0) | J11: =IF(COUNTBLANK(C11:E11)+COUNTBLANK(G11)=0,1,0) | K11: =IF(COUNTBLANK(C11:E11)+COUNTBLANK(H11)=0,1,0)
A12: Argentina | B12: 2006 | C12: =IF(Categorias!C13="","",Categorias!C13/(N(Categorias!C13)+N(Categorias!D13)+N(Categorias!E13))) | D12: =IF(Categorias!H13="","",Categorias!H13/(N(Categorias!H13)+N(Categorias!I13))) | E12: =IFERROR(IF(INDEX(Gini!$C$2:$C$377,MATCH($A12&"|"&$B12,Gini!$E$2:$E$377,0))="","",INDEX(Gini!$C$2:$C$377,MATCH($A12&"|"&$B12,Gini!$E$2:$E$377,0))),"") | F12: =IFERROR(IF(INDEX(Corrupcion!$E$2:$E$377,MATCH($A12&"|"&$B12,Corrupcion!$H$2:$H$377,0))="","",INDEX(Corrupcion!$E$2:$E$377,MATCH($A12&"|"&$B12,Corrupcion!$H$2:$H$377,0))),"") | G12: =IFERROR(IF(INDEX(Corrupcion!$F$2:$F$377,MATCH($A12&"|"&$B12,Corrupcion!$H$2:$H$377,0))="","",INDEX(Corrupcion!$F$2:$F$377,MATCH($A12&"|"&$B12,Corrupcion!$H$2:$H$377,0))),"") | H12: =IFERROR(IF(INDEX(Corrupcion!$G$2:$G$377,MATCH($A12&"|"&$B12,Corrupcion!$H$2:$H$377,0))="","",INDEX(Corrupcion!$G$2:$G$377,MATCH($A12&"|"&$B12,Corrupcion!$H$2:$H$377,0))),"") | I12: =IF(COUNTBLANK(C12:E12)+COUNTBLANK(F12)=0,1,0) | J12: =IF(COUNTBLANK(C12:E12)+COUNTBLANK(G12)=0,1,0) | K12: =IF(COUNTBLANK(C12:E12)+COUNTBLANK(H12)=0,1,0)
A13: Argentina | B13: 2007 | C13: =IF(Categorias!C14="","",Categorias!C14/(N(Categorias!C14)+N(Categorias!D14)+N(Categorias!E14))) | D13: =IF(Categorias!H14="","",Categorias!H14/(N(Categorias!H14)+N(Categorias!I14))) | E13: =IFERROR(IF(INDEX(Gini!$C$2:$C$377,MATCH($A13&"|"&$B13,Gini!$E$2:$E$377,0))="","",INDEX(Gini!$C$2:$C$377,MATCH($A13&"|"&$B13,Gini!$E$2:$E$377,0))),"") | F13: =IFERROR(IF(INDEX(Corrupcion!$E$2:$E$377,MATCH($A13&"|"&$B13,Corrupcion!$H$2:$H$377,0))="","",INDEX(Corrupcion!$E$2:$E$377,MATCH($A13&"|"&$B13,Corrupcion!$H$2:$H$377,0))),"") | G13: =IFERROR(IF(INDEX(Corrupcion!$F$2:$F$377,MATCH($A13&"|"&$B13,Corrupcion!$H$2:$H$377,0))="","",INDEX(Corrupcion!$F$2:$F$377,MATCH($A13&"|"&$B13,Corrupcion!$H$2:$H$377,0))),"") | H13: =IFERROR(IF(INDEX(Corrupcion!$G$2:$G$377,MATCH($A13&"|"&$B13,Corrupcion!$H$2:$H$377,0))="","",INDEX(Corrupcion!$G$2:$G$377,MATCH($A13&"|"&$B13,Corrupcion!$H$2:$H$377,0))),"") | I13: =IF(COUNTBLANK(C13:E13)+COUNTBLANK(F13)=0,1,0) | J13: =IF(COUNTBLANK(C13:E13)+COUNTBLANK(G13)=0,1,0) | K13: =IF(COUNTBLANK(C13:E13)+COUNTBLANK(H13)=0,1,0)
... A377: Venezuela | B377: 2024 | C377: =IF(Categorias!C378="","",Categorias!C378/(N(Categorias!C378)+N(Categorias!D378)+N(Categorias!E378))) | D377: =IF(Categorias!H378="","",Categorias!H378/(N(Categorias!H378)+N(Categorias!I378))) | E377: =IFERROR(IF(INDEX(Gini!$C$2:$C$377,MATCH($A377&"|"&$B377,Gini!$E$2:$E$377,0))="","",INDEX(Gini!$C$2:$C$377,MATCH($A377&"|"&$B377,Gini!$E$2:$E$377,0))),"") | F377: =IFERROR(IF(INDEX(Corrupcion!$E$2:$E$377,MATCH($A377&"|"&$B377,Corrupcion!$H$2:$H$377,0))="","",INDEX(Corrupcion!$E$2:$E$377,MATCH($A377&"|"&$B377,Corrupcion!$H$2:$H$377,0))),"") | G377: =IFERROR(IF(INDEX(Corrupcion!$F$2:$F$377,MATCH($A377&"|"&$B377,Corrupcion!$H$2:$H$377,0))="","",INDEX(Corrupcion!$F$2:$F$377,MATCH($A377&"|"&$B377,Corrupcion!$H$2:$H$377,0))),"") | H377: =IFERROR(IF(INDEX(Corrupcion!$G$2:$G$377,MATCH($A377&"|"&$B377,Corrupcion!$H$2:$H$377,0))="","",INDEX(Corrupcion!$G$2:$G$377,MATCH($A377&"|"&$B377,Corrupcion!$H$2:$H$377,0))),"") | I377: =IF(COUNTBLANK(C377:E377)+COUNTBLANK(F377)=0,1,0) | J377: =IF(COUNTBLANK(C377:E377)+COUNTBLANK(G377)=0,1,0) | K377: =IF(COUNTBLANK(C377:E377)+COUNTBLANK(H377)=0,1,0)
